縣市代碼,縣市名稱,學校代碼,學校名稱,班級數7年級,班級數8年級,班級數9年級,學生數7年級男,學生數7年級女,學生數8年級男,學生數8年級女,學生數9年級男,學生數9年級女,上學年男畢業生,上學年女畢業生,男專任教師,女專任教師,男職員,女職員,lat,lng
1,新北市,10301,國立華僑中學,1,1,1,2,2,5,6,9,11,9,16,0,0,0,0,25.0075,121.4477778
1,新北市,11301,私立淡江高中附設國中部,7,7,8,161,127,152,136,161,130,153,143,0,0,0,0,25.1762507,121.437164
1,新北市,11302,私立康橋實驗高中附設國中部,11,11,8,153,156,173,154,157,137,143,160,0,0,0,0,25.079564,121.395793
1,新北市,11306,私立金陵女中附設國中部,9,8,9,0,359,0,320,0,356,0,390,0,0,0,0,25.04299,121.466942
1,新北市,11307,私立裕德實驗高中附設國中部,6,6,5,85,93,73,65,77,67,65,55,0,0,0,0,24.9830118,121.4394801
1,新北市,11309,私立南山高中附設國中部,22,22,22,534,455,537,435,565,405,537,408,0,0,0,0,25.0016594,121.5036507
1,新北市,11310,私立恆毅高中附設國中部,10,9,9,257,125,307,106,259,123,306,97,0,0,0,0,25.0366541,121.4537324
1,新北市,11311,私立聖心女中附設國中部,5,5,5,0,192,0,203,0,216,0,178,0,0,0,0,25.13562,121.449122
1,新北市,11312,私立崇義高中附設國中部,1,1,1,5,0,2,1,3,0,4,0,0,0,0,0,25.079564,121.395793
1,新北市,11314,私立中華高中附設國中部,0,0,0,0,0,0,0,0,0,5,3,0,0,0,0,24.975578,121.4374135
1,新北市,11316,私立格致高中附設國中部,6,7,6,139,92,180,105,160,82,130,77,0,0,0,0,25.0738323,121.4886747
1,新北市,11317,私立醒吾高中附設國中部,1,1,1,4,13,6,9,12,7,17,17,0,0,0,0,25.079564,121.395793
1,新北市,11318,私立徐匯高中附設國中部,3,3,3,129,0,114,0,116,0,123,0,0,0,0,0,25.080107,121.480124
1,新北市,11322,私立崇光高中附設國中部,8,8,7,87,243,86,242,10,234,16,262,0,0,0,0,24.9718753,121.538946
1,新北市,11323,私立光仁高中附設國中部,8,8,9,134,126,136,108,149,133,169,141,0,0,0,0,25.0183052,121.4764718
1,新北市,11324,私立竹林高中附設國中部,10,10,8,202,166,217,142,166,126,150,115,0,0,0,0,24.9799565,121.5057743
1,新北市,11325,私立及人高中附設國中部,1,2,2,20,5,37,11,43,15,22,17,0,0,0,0,24.966799,121.51489
1,新北市,11329,私立辭修高中附設國中部,7,8,9,153,99,175,113,221,120,193,108,0,0,0,0,24.932696,121.407931
1,新北市,11330,私立林口康橋高中附設國中部,9,6,6,146,118,131,108,124,133,133,114,0,0,0,0,25.0741868,121.389928
1,新北市,11399,私立時雨高中附設國中部,6,7,7,213,108,193,114,219,145,218,108,0,0,0,0,25.1095045,121.8552909
1,新北市,14302,市立海山高中附設國中部,29,29,29,478,440,471,437,429,405,396,381,0,0,0,0,25.0096689,121.4712073
1,新北市,14311,市立三重高中附設國中部,8,7,8,78,87,77,84,80,79,85,96,0,0,0,0,25.054741,121.4914967
1,新北市,14315,市立永平高中附設國中部,11,11,11,140,136,136,145,155,120,137,131,0,0,0,0,25.0105828,121.5083843
1,新北市,14322,市立樹林高中附設國中部,10,12,13,160,115,169,164,165,150,171,161,0,0,0,0,24.9829633,121.4223883
1,新北市,14326,市立明德高中附設國中部,10,11,9,146,105,162,112,109,103,84,78,0,0,0,0,24.9038379,121.365725
1,新北市,14332,市立秀峰高中附設國中部,14,13,13,228,167,221,156,188,187,197,176,0,0,0,0,25.0657829,121.6608704
1,新北市,14338,市立金山高中附設國中部,4,6,5,44,55,59,60,65,64,69,67,0,0,0,0,25.224676,121.637008
1,新北市,14343,市立安康高中附設國中部,8,9,9,105,83,104,108,124,97,106,109,0,0,0,0,24.9694528,121.5153
1,新北市,14347,市立雙溪高中附設國中部,4,3,3,32,18,32,23,35,32,33,33,0,0,0,0,25.0349452,121.8632655
1,新北市,14348,市立石碇高中附設國中部,2,2,2,13,12,14,10,26,15,27,25,0,0,0,0,25.0141303,121.6429468
1,新北市,14353,市立丹鳳高中附設國中部,23,23,23,369,354,382,356,376,341,349,334,0,0,0,0,25.021049,121.416544
1,新北市,14356,市立清水高中附設國中部,12,15,16,143,148,203,157,194,184,219,198,0,0,0,0,24.9823337,121.4654721
1,新北市,14357,市立三民高中附設國中部,14,15,17,202,145,192,186,230,192,239,205,0,0,0,0,25.0868693,121.4737065
1,新北市,14362,市立錦和高中附設國中部,18,18,20,249,206,232,216,233,256,223,193,0,0,0,0,24.992544,121.491084
1,新北市,14363,市立光復高中附設國中部,8,9,8,86,122,104,118,115,103,120,107,0,0,0,0,25.0167462,121.4822165
1,新北市,14364,市立竹圍高中附設國中部,7,7,7,109,90,126,86,117,87,89,69,0,0,0,0,25.1459534,121.461587
1,新北市,14381,市立北大高中附設國中部,4,4,4,76,56,55,74,56,69,65,67,0,0,0,0,24.948248,121.3764596
1,新北市,14399,市立豐珠中學附設國中,0,0,0,0,0,0,0,0,0,0,0,0,0,0,0,25.0656443,121.9018436
1,新北市,14468,市立樟樹國際實創高中附設國中部,7,7,8,72,87,96,89,105,79,82,95,0,0,0,0,25.0659397,121.6398933
1,新北市,14501,市立板橋國中,15,16,16,223,179,229,166,236,176,230,195,32,85,3,7,25.0250509,121.4531667
1,新北市,14503,市立重慶國中,20,19,18,235,251,229,265,212,248,249,257,36,98,1,13,25.0759168,121.5180299
1,新北市,14504,市立江翠國中,19,18,18,232,210,245,242,206,222,233,233,43,104,3,10,25.0288652,121.4684587
1,新北市,14505,市立中山國中,30,29,30,495,447,471,419,484,454,465,452,58,151,2,12,25.0606103,121.5455307
1,新北市,14506,市立新埔國中,12,12,10,134,152,141,145,121,114,136,125,20,70,5,5,25.0248193,121.4597107
1,新北市,14507,市立新莊國中,25,24,24,301,294,346,305,300,323,312,279,45,133,2,12,25.0358171,121.4519927
1,新北市,14508,市立新泰國中,18,20,18,248,201,258,220,241,186,242,224,37,103,2,9,25.0425875,121.444305
1,新北市,14509,市立福營國中,19,19,18,239,201,293,207,311,226,235,207,54,92,1,10,25.0252883,121.4226136
1,新北市,14510,市立頭前國中,14,14,14,194,149,184,170,177,177,154,170,28,77,1,10,25.0545816,121.4589197
1,新北市,14512,市立光榮國中,9,8,10,135,87,93,76,113,92,103,95,15,53,2,7,25.0704534,121.4999178
1,新北市,14513,市立明志國中,19,19,19,250,233,249,185,271,243,275,211,41,100,4,9,25.0634787,121.4890227
1,新北市,14514,市立碧華國中,15,14,12,225,197,195,166,166,153,144,173,31,66,2,11,25.0824108,121.4949227
1,新北市,14516,市立永和國中,35,34,36,487,451,488,463,509,464,463,404,59,198,2,12,25.0064786,121.5236378
1,新北市,14517,市立福和國中,29,29,31,399,367,382,404,363,411,339,323,54,160,1,13,25.0040606,121.5209434
4,新竹縣,44531,縣立北平華德福實驗學校(國中),1,1,1,9,7,4,6,4,6,4,6,2,7,0,2,24.8524659,121.0863555
11,臺南市,114539,市立後壁國中,3,3,3,31,23,20,25,29,24,28,25,8,17,2,4,23.354092,120.359707
11,臺南市,114540,市立菁寮國中,1,1,1,5,5,8,5,8,9,11,5,5,6,1,3,23.3684606,120.33256
11,臺南市,114543,市立大橋國中,15,17,16,214,224,237,222,236,226,222,223,41,74,2,10,23.0216463,120.2315349
11,臺南市,114544,市立沙崙國中,4,4,4,55,61,73,41,62,52,53,36,10,22,2,3,22.9296124,120.2819192
12,高雄市,121302,私立光禾華德福實驗學校(國中部),1,1,1,13,5,2,9,4,3,6,6,0,0,0,0,22.6080409,120.4270968
12,高雄市,121307,私立普門高中附設國中部,4,4,5,82,69,93,62,96,47,104,68,0,0,0,0,22.716617,120.446001
12,高雄市,121318,私立正義高中附設國中部,3,3,3,54,34,49,31,46,42,51,32,0,0,0,0,22.6025542,120.3397998
12,高雄市,121320,私立義大國際高中附設國中部,3,3,3,29,27,19,33,25,31,40,31,0,0,0,0,22.7283202,120.4055464
12,高雄市,123501,市立巴楠花部落國中(小),1,1,1,3,4,3,2,3,3,0,0,5,8,1,2,22.9648377,120.5395018
12,高雄市,124302,市立文山高中附設國中部,9,8,9,135,107,113,120,122,103,102,108,0,0,0,0,22.6484436,120.3535462
12,高雄市,124311,市立林園高中附設國中部,16,15,17,230,185,237,196,222,227,246,235,0,0,0,0,22.5137204,120.3945114
12,高雄市,124313,市立仁武高中附設國中部,7,9,8,83,85,122,99,116,102,110,106,0,0,0,0,22.7022904,120.3554411
12,高雄市,124322,市立路竹高中附設國中部,13,11,12,164,171,183,142,171,157,171,147,0,0,0,0,22.8552779,120.2523546
12,高雄市,124333,市立六龜高中附設國中部,3,2,2,18,14,18,15,25,25,26,39,0,0,0,0,22.993343,120.635442
12,高雄市,124340,市立福誠高中附設國中部,13,13,13,191,195,225,190,199,189,246,176,0,0,0,0,22.5903287,120.3241829
12,高雄市,124501,市立鳳山國中,21,21,21,271,293,311,265,330,276,318,320,41,115,3,13,22.624954,120.3721174
12,高雄市,124503,市立鳳西國中,17,18,17,253,219,260,243,256,193,242,225,38,93,3,12,22.624954,120.3721174
12,高雄市,124504,市立五甲國中,11,10,13,126,147,133,140,150,147,159,153,30,62,3,9,22.5981673,120.328659
12,高雄市,124505,市立鳳甲國中,17,17,17,243,215,251,239,259,215,241,232,39,88,3,10,22.616882,120.3425688
12,高雄市,124506,市立忠孝國中,4,4,4,32,30,39,23,40,21,43,32,11,23,2,4,25.051247,121.5082165
12,高雄市,124507,市立大寮國中,10,11,11,116,126,138,128,147,160,146,128,34,52,4,8,22.6034583,120.3928667
12,高雄市,124508,市立潮寮國中,2,2,2,21,22,24,26,26,24,25,18,11,14,3,3,22.5644496,120.4247143
12,高雄市,124509,市立大樹國中,6,7,7,81,64,78,99,92,81,82,112,19,37,2,6,22.6577132,120.4230721
12,高雄市,124510,市立溪埔國中,2,3,3,25,24,40,36,35,35,32,33,8,20,2,4,22.7190601,120.4435042
12,高雄市,124512,市立鳥松國中,3,3,2,37,15,25,34,21,28,27,30,11,12,4,2,22.6663324,120.3720353
12,高雄市,124514,市立大社國中,7,6,6,74,75,75,74,92,73,80,81,13,38,2,7,22.7306201,120.3567142
12,高雄市,124515,市立岡山國中,18,16,17,247,224,214,242,249,211,272,246,44,84,3,12,22.790828,120.3031924
12,高雄市,124516,市立前峰國中,11,11,10,158,135,154,138,143,149,168,120,38,46,1,9,22.7889384,120.2879124
12,高雄市,124517,市立永安國中,2,2,2,25,24,22,21,26,18,32,41,5,21,3,3,22.8233569,120.2403399
12,高雄市,124518,市立橋頭國中,9,9,9,135,100,114,110,139,108,133,122,21,52,2,7,22.7590798,120.307403
12,高雄市,124519,市立梓官國中,8,6,7,70,86,87,78,92,76,102,88,15,43,3,6,22.7624247,120.2634947
12,高雄市,124520,市立燕巢國中,3,5,6,39,33,67,58,60,61,66,65,10,26,1,6,22.785835,120.3625064
12,高雄市,124521,市立阿蓮國中,7,8,10,88,95,110,96,115,106,134,109,24,46,2,7,22.8850916,120.3258285
12,高雄市,124523,市立湖內國中,4,4,4,53,46,62,49,49,58,64,67,8,29,0,8,22.907885,120.22751
12,高雄市,124524,市立茄萣國中,6,6,7,75,75,70,76,75,69,84,68,19,34,3,7,22.9070887,120.1810957
12,高雄市,124525,市立田寮國中,1,1,1,8,5,13,11,9,6,10,12,6,8,1,2,22.863157,120.3601662
12,高雄市,124526,市立彌陀國中,5,5,6,67,54,53,63,59,68,52,47,10,35,3,4,22.7763249,120.2465854
12,高雄市,124527,市立旗山國中,9,9,11,98,133,120,122,133,129,146,141,29,52,3,7,22.8814503,120.4810926
12,高雄市,124528,市立圓富國中,2,2,2,20,10,19,15,19,9,20,23,9,14,1,4,22.9284154,120.5010606
12,高雄市,124529,市立大洲國中,1,1,1,6,5,6,9,12,8,10,11,5,8,1,2,22.835638,120.460497
12,高雄市,124530,市立美濃國中,4,4,5,54,38,53,28,52,52,66,42,17,20,3,5,22.8945406,120.5431778
12,高雄市,124531,市立南隆國中,3,3,4,44,33,36,42,46,46,51,54,12,20,2,4,22.866394,120.5345598
12,高雄市,124532,市立龍肚國中,2,2,2,16,10,8,24,13,16,17,17,9,14,3,3,22.8790179,120.5707985
12,高雄市,124534,市立寶來國中,1,1,1,10,9,6,7,6,8,10,12,6,9,2,2,23.1094321,120.7036045
12,高雄市,124535,市立杉林國中,2,2,2,19,17,15,17,19,19,20,21,12,13,1,4,22.9687263,120.541032
12,高雄市,124536,市立內門國中,2,2,2,16,11,24,15,21,23,22,24,13,10,2,4,22.9222431,120.4537867
12,高雄市,124537,市立甲仙國中,1,1,1,11,5,8,6,8,8,9,13,5,8,2,3,23.0810133,120.5919626
12,高雄市,124538,市立中芸國中,3,3,3,23,30,43,26,26,38,36,35,15,16,3,2,22.4858765,120.3953694
12,高雄市,124539,市立中庄國中,9,9,8,112,117,125,98,111,89,114,113,21,47,3,6,22.6364684,120.401749
12,高雄市,124541,市立蚵寮國中,2,2,3,23,33,29,24,34,25,21,28,10,10,3,3,22.7285495,120.2585692
12,高雄市,124542,市立那瑪夏國中,2,2,2,16,19,14,12,13,17,6,11,6,16,2,3,23.239841,120.697256
5,苗栗縣,50314,國立卓蘭高中附設國中部,3,3,4,23,39,39,31,41,31,44,48,0,0,0,0,24.312708,120.831961
5,苗栗縣,51302,私立君毅高中附設國中部,7,7,7,167,131,155,131,158,118,139,99,0,0,0,0,24.7010062,120.8830877
5,苗栗縣,51306,私立建台高中附設國中部,6,7,6,139,131,158,127,131,99,153,122,0,0,0,0,24.5602456,120.8149378
5,苗栗縣,51307,私立全人實驗高中附設國中部,1,1,1,6,3,4,1,3,4,8,7,0,0,0,0,24.3058986,120.8622756
5,苗栗縣,54308,縣立三義高中附設國中部,4,4,4,48,53,56,41,68,45,65,64,0,0,0,0,24.4090224,120.7655713
5,苗栗縣,54309,縣立苑裡高中附設國中部,9,10,11,141,110,133,125,125,154,118,124,0,0,0,0,24.438008,120.663488
5,苗栗縣,54317,縣立興華高中附設國中部,8,8,7,109,105,111,116,96,82,101,106,0,0,0,0,24.6858788,120.9363403
5,苗栗縣,54333,縣立大同高中附設國中部,3,2,3,35,26,34,27,39,37,29,28,0,0,0,0,22.678426,120.477654
5,苗栗縣,54501,縣立苗栗國中,6,4,5,44,38,33,38,39,42,25,53,18,30,1,5,24.5542379,120.8124939
5,苗栗縣,54502,縣立大倫國中,6,6,6,79,64,84,71,85,75,95,68,15,36,0,7,24.569831,120.830963
5,苗栗縣,54503,縣立明仁國中,14,15,15,177,193,200,192,226,193,199,180,38,79,2,9,24.5576,120.811701
5,苗栗縣,54504,縣立頭屋國中,4,4,4,47,25,52,24,40,24,40,22,18,15,0,4,24.5782239,120.8490437
5,苗栗縣,54505,縣立公館國中,9,9,9,130,127,130,109,120,107,129,115,24,48,2,6,24.498079,120.8278956
5,苗栗縣,54506,縣立鶴岡國中,2,2,3,16,13,22,16,25,17,25,23,4,15,1,2,24.5285794,120.8308554
5,苗栗縣,54507,縣立文林國中,4,4,5,35,35,53,41,50,42,50,38,6,30,2,3,24.489767,120.789545
5,苗栗縣,54510,縣立致民國中,3,4,5,34,18,36,34,47,48,55,46,10,23,0,6,24.4185187,120.6860649
5,苗栗縣,54511,縣立通霄國中,5,5,6,60,49,45,67,73,68,66,75,21,27,3,4,24.4919877,120.67998
5,苗栗縣,54512,縣立南和國中,1,1,1,8,6,0,7,4,5,11,6,2,10,0,4,24.446906,120.72119
5,苗栗縣,54513,縣立烏眉國中,3,2,2,14,15,21,14,28,29,34,19,4,18,0,3,24.5062915,120.7157749
5,苗栗縣,54514,縣立啟新國中,1,1,2,4,10,8,8,15,20,9,18,9,7,1,2,24.561079,120.713353
5,苗栗縣,54515,縣立西湖國中,2,1,2,15,11,8,9,18,15,20,16,7,9,0,3,24.556177,120.75774
5,苗栗縣,54516,縣立頭份國中,12,11,11,158,163,160,141,179,155,174,154,24,66,0,8,24.6914555,120.9012055
5,苗栗縣,54518,縣立文英國中,2,3,2,23,25,35,28,27,22,14,34,8,17,1,3,24.6562278,120.880795
5,苗栗縣,54519,縣立竹南國中,12,12,14,171,164,168,154,179,174,138,154,30,71,0,9,24.6848113,120.8760679
5,苗栗縣,54520,縣立照南國中,17,16,17,266,233,235,245,255,224,243,250,34,88,0,12,24.694254,120.877365
5,苗栗縣,54521,縣立三灣國中,1,2,2,10,11,19,18,20,17,24,12,6,14,1,2,24.6495538,120.9536484
5,苗栗縣,54522,縣立南庄國中,2,2,2,15,18,16,14,31,25,25,21,9,10,1,3,24.6004361,120.9994667
5,苗栗縣,54523,縣立造橋國中,2,2,1,22,15,17,17,15,12,19,19,6,15,1,2,24.6394481,120.8636532
5,苗栗縣,54524,縣立大西國中,1,1,2,10,14,14,13,24,13,20,23,6,10,2,1,24.624427,120.894748
5,苗栗縣,54525,縣立後龍國中,3,3,3,27,30,35,31,44,41,36,29,8,15,1,3,24.6166004,120.7845603
5,苗栗縣,54526,縣立維真國中,5,5,4,39,43,53,50,42,45,63,48,11,28,2,4,24.6121331,120.7945869
5,苗栗縣,54527,縣立大湖國中,1,2,2,6,15,16,18,24,16,9,10,9,11,0,2,24.4263934,120.8707982
5,苗栗縣,54528,縣立南湖國中,2,2,2,22,15,31,19,25,26,26,27,10,12,1,2,24.397253,120.867304
5,苗栗縣,54529,縣立獅潭國中,1,1,1,5,3,11,8,7,5,6,4,7,6,0,3,24.5445053,120.9228644
5,苗栗縣,54531,縣立泰安國中(小),1,1,1,8,4,11,2,5,3,5,10,4,7,1,3,24.422212,120.910496
5,苗栗縣,54532,縣立建國國中,12,12,14,149,131,157,143,159,159,135,147,25,68,2,6,24.9826898,121.3157472
5,苗栗縣,54534,縣立福興武術國中(小),2,2,2,18,7,23,10,16,7,21,5,7,10,2,3,24.425383,120.727704
5,苗栗縣,54535,縣立新港國中(小),3,3,3,39,35,36,26,41,32,35,26,11,14,1,4,23.5559483,120.3449036
6,臺中市,60323,國立中科實中附設國中部,5,5,5,72,56,59,67,75,58,67,60,0,0,0,0,24.2303236,120.6260535
6,臺中市,61301,私立常春藤高中附設國中部,2,2,2,33,45,36,41,37,31,46,23,0,0,0,0,24.195178,120.7178368
6,臺中市,61310,私立大明高中附設國中部,2,2,3,34,19,47,23,37,46,39,32,0,0,0,0,24.116227,120.685708
6,臺中市,61313,私立明道高中附設國中部,20,20,20,606,386,564,415,562,413,596,387,0,0,0,0,24.1068736,120.6361535
6,臺中市,61314,私立僑泰中學附設國中部,7,7,7,163,117,162,107,163,121,167,103,0,0,0,0,24.1117897,120.6669624
6,臺中市,61315,私立華盛頓高中附設國中部,6,6,6,147,98,149,120,148,111,150,101,0,0,0,0,24.1581869,120.74518
6,臺中市,61317,私立弘文高中附設國中部,8,8,8,227,155,223,170,217,160,220,153,0,0,0,0,24.2261308,120.704606
6,臺中市,61318,私立立人高中附設國中部,6,6,6,132,97,104,88,152,108,110,122,0,0,0,0,24.1057001,120.691521
6,臺中市,61322,私立華德福大地實驗教育學校國中部,1,1,1,7,5,6,5,14,7,3,3,0,0,0,0,24.1020885,120.6276741
6,臺中市,64521,市立溪南國中,4,5,4,35,28,47,37,40,35,35,34,15,18,2,4,24.0721933,120.6442611
6,臺中市,64522,市立霧峰國中,5,4,6,42,35,35,54,49,49,63,48,14,24,1,7,24.0673817,120.6888231
6,臺中市,64523,市立光復國中(小),10,10,10,151,131,151,129,141,122,150,109,30,43,4,6,24.0439315,120.6892654
6,臺中市,64525,市立太平國中,10,10,11,131,113,132,127,148,141,138,114,25,57,2,7,24.1482037,120.7345688
6,臺中市,64526,市立中平國中,9,9,10,93,102,126,85,100,89,101,104,25,51,3,6,25.0535488,121.4438365
6,臺中市,64527,市立石岡國中,4,5,6,37,36,58,41,54,38,53,51,16,27,2,6,24.266841,120.79648
6,臺中市,64529,市立東勢國中,11,12,14,148,118,151,157,169,166,165,141,31,63,3,7,24.250894,120.832342
1,新北市,14518,市立中和國中,13,13,13,148,150,163,147,150,151,154,166,28,73,1,11,24.9861361,121.5084083
1,新北市,14519,市立積穗國中,11,11,12,134,127,125,111,158,126,131,143,26,60,4,4,25.0003078,121.479696
1,新北市,14520,市立漳和國中,9,10,13,93,80,93,95,144,99,94,118,24,63,0,10,25.0026261,121.5055406
1,新北市,14521,市立鶯歌國中,21,20,20,248,249,271,242,259,264,256,244,43,106,2,11,24.9504628,121.3448645
1,新北市,14523,市立柑園國中,4,3,3,50,38,34,44,33,27,42,43,7,19,0,7,24.954675,121.384178
1,新北市,14524,市立土城國中,20,19,18,287,243,324,279,261,260,252,236,35,110,0,11,24.9628096,121.4295471
1,新北市,14525,市立三峽國中,21,22,19,274,260,318,269,285,240,256,272,48,102,3,10,24.939053,121.369127
1,新北市,14527,市立八里國中,5,5,6,67,46,61,63,60,50,56,49,14,35,0,8,25.1398858,121.400741
1,新北市,14528,市立泰山國中,8,8,10,132,87,126,94,111,140,109,90,23,44,0,8,25.0639896,121.4246015
1,新北市,14529,市立五股國中,14,13,13,146,136,169,130,188,144,175,167,23,78,1,10,25.082292,121.436015
1,新北市,14530,市立蘆洲國中,21,20,22,282,233,294,247,283,260,303,272,38,114,3,10,25.0869126,121.4665559
1,新北市,14531,市立林口國中,20,17,16,300,289,273,279,263,255,274,216,40,90,1,9,25.0762471,121.3775622
1,新北市,14533,市立汐止國中,9,8,10,110,95,83,78,115,108,101,106,23,45,2,7,25.0669566,121.6583371
1,新北市,14534,市立淡水國中,10,11,10,117,120,136,123,128,102,145,124,24,58,1,8,25.1749602,121.4366735
1,新北市,14536,市立三芝國中,6,6,7,67,65,63,76,78,71,72,82,18,31,3,5,25.259347,121.5018147
1,新北市,14537,市立石門實驗國中,2,2,2,19,7,20,13,17,7,16,15,7,14,2,1,25.2908277,121.5671383
1,新北市,14539,市立萬里國中,2,2,3,17,9,19,15,26,13,26,24,8,15,2,4,25.177796,121.694629
1,新北市,14540,市立坪林實驗國中,2,2,2,25,10,15,12,23,16,15,17,8,15,0,2,24.9350844,121.7107613
1,新北市,14541,市立文山國中,9,8,9,101,90,103,87,121,80,116,75,17,50,1,8,24.956705,121.538935
1,新北市,14542,市立五峰國中,13,13,13,133,167,153,142,199,136,132,139,22,76,4,7,24.9667222,121.5441602
1,新北市,14544,市立瑞芳國中,7,5,6,72,53,65,59,67,72,63,79,19,33,2,6,25.1079407,121.8149887
1,新北市,14545,市立欽賢國中,2,2,2,5,2,2,3,15,8,9,9,11,10,2,2,25.105223,121.845903
1,新北市,14546,市立貢寮國中,2,2,2,14,10,16,13,18,11,16,10,9,13,1,3,25.0656443,121.9018436
1,新北市,14549,市立深坑國中,5,6,6,59,49,66,63,76,74,74,54,17,25,1,7,25.00168,121.618296
1,新北市,14550,市立平溪國中,1,1,2,4,5,3,6,11,5,7,11,9,18,3,2,25.0239799,121.7334114
1,新北市,14551,市立烏來國中(小),1,1,1,3,1,6,3,5,7,9,4,3,13,1,5,24.8636951,121.5538264
1,新北市,14552,市立溪崑國中,21,21,24,294,282,312,288,348,324,327,293,57,101,2,12,24.996868,121.431494
1,新北市,14554,市立自強國中,9,9,10,129,121,114,117,112,108,120,95,20,51,0,9,24.9987911,121.4724939
1,新北市,14555,市立中正國中,21,21,21,285,211,262,273,272,249,262,256,41,109,2,10,25.0323588,121.5219754
1,新北市,14558,市立義學國中,14,16,18,186,166,232,208,258,197,262,198,34,86,2,10,25.0517424,121.431268
1,新北市,14559,市立中平國中,23,21,22,386,337,352,304,349,325,331,298,39,118,2,9,25.0535488,121.4438365
1,新北市,14560,市立鳳鳴國中,5,6,7,53,61,70,60,82,69,74,64,17,29,2,7,24.967511,121.331827
1,新北市,14561,市立三和國中,24,29,28,323,335,393,372,362,382,333,348,53,133,2,12,25.0763471,121.4867892
1,新北市,14565,市立尖山國中,5,5,5,64,38,73,48,63,57,66,57,11,28,0,6,24.9436969,121.3421559
1,新北市,14566,市立正德國中,19,20,19,245,265,257,267,298,244,272,248,40,101,1,11,25.1787337,121.4470473
1,新北市,14567,市立安溪國中,9,9,8,110,86,115,93,107,108,97,111,22,49,3,6,24.9266425,121.3728213
1,新北市,14569,市立育林國中,10,11,10,114,120,149,129,123,114,141,128,33,43,1,8,24.98532,121.415128
1,新北市,14570,市立青山國中(小),6,6,6,72,81,90,67,86,73,67,62,11,35,1,9,25.0611597,121.65666
1,新北市,14571,市立崇林國中,15,15,15,198,189,215,211,208,189,182,183,27,83,1,9,25.0684112,121.3701667
1,新北市,14572,市立二重國中,7,7,10,84,69,100,68,111,78,132,98,22,39,1,8,25.0658422,121.4800173
1,新北市,14573,市立大觀國中,12,13,12,133,161,168,152,148,146,130,133,23,67,1,7,25.0111472,121.4487222
1,新北市,14574,市立三多國中,11,11,12,137,130,157,127,165,142,156,129,33,52,4,6,25.0063705,121.4146724
1,新北市,14575,市立忠孝國中,11,10,10,130,86,119,122,123,115,124,96,25,53,1,7,25.051247,121.5082165
1,新北市,14576,市立鷺江國中,20,22,21,269,264,289,304,286,306,264,245,37,119,2,8,25.0903474,121.4620767
1,新北市,14577,市立桃子腳國中(小),7,7,7,116,86,117,94,116,98,107,117,11,42,0,11,24.948918,121.382898
1,新北市,14579,市立佳林國中,10,9,9,143,116,138,103,127,107,107,98,25,45,2,6,25.0813656,121.3845099
1,新北市,14580,市立達觀國中(小),10,10,10,132,101,130,107,151,118,119,138,24,51,3,6,24.9536053,121.5000233
2,宜蘭縣,21301,私立慧燈高中附設國中部,7,8,9,179,104,201,105,202,120,214,118,0,0,0,0,24.777028,121.7155386
2,宜蘭縣,21310,私立中道高中附設國中部,3,3,3,75,34,54,34,42,34,55,30,0,0,0,0,24.7597787,121.7937987
2,宜蘭縣,24322,縣立南澳高中附設國中部,3,3,3,21,14,20,27,32,26,31,23,0,0,0,0,24.465902,121.801868
2,宜蘭縣,24325,縣立慈心華德福教育實驗高中附設國中,4,4,3,47,57,49,37,38,36,40,35,0,0,0,0,24.6268113,121.795708
2,宜蘭縣,24501,縣立宜蘭國中,6,6,6,77,88,64,74,70,73,95,99,18,31,1,7,24.7619679,121.7585067
2,宜蘭縣,24502,縣立中華國中,13,11,12,184,154,148,146,178,154,177,140,25,62,1,8,24.7492271,121.7675113
2,宜蘭縣,24503,縣立復興國中,17,15,14,237,205,198,215,182,189,201,227,39,81,4,8,24.7490995,121.7468602
2,宜蘭縣,24504,縣立羅東國中,21,18,20,255,278,258,244,258,255,246,227,47,99,1,12,24.6718092,121.7674792
2,宜蘭縣,24505,縣立東光國中,7,7,7,94,88,94,93,94,95,96,118,22,35,2,6,24.6718092,121.7674792
2,宜蘭縣,24506,縣立國華國中,14,13,13,180,172,181,173,182,179,183,207,39,64,3,9,24.6778835,121.7615085
2,宜蘭縣,24507,縣立頭城國中,8,7,6,80,78,78,87,95,70,88,84,27,26,3,5,24.864216,121.8213207
2,宜蘭縣,24508,縣立蘇澳國中,5,4,3,39,39,42,35,35,35,48,46,20,14,3,4,24.595725,121.835978
2,宜蘭縣,24509,縣立文化國中,6,6,6,86,60,80,76,76,72,95,71,22,24,1,7,24.618119,121.833191
2,宜蘭縣,24510,縣立南安國中,2,1,1,9,16,10,12,9,14,13,17,9,4,2,1,24.5760282,121.8690009
2,宜蘭縣,24511,縣立三星國中,4,4,5,50,36,50,33,69,49,46,38,17,19,2,5,24.6677268,121.6539348
2,宜蘭縣,24512,縣立礁溪國中,5,5,6,58,48,60,64,68,65,60,54,13,31,3,5,24.8171752,121.7673427
2,宜蘭縣,24513,縣立吳沙國中,3,3,3,29,15,26,15,21,27,31,30,13,11,0,7,24.785434,121.759985
2,宜蘭縣,24514,縣立冬山國中,4,4,5,44,46,44,49,64,43,54,63,14,21,3,5,24.6318151,121.7912871
2,宜蘭縣,24515,縣立順安國中,4,3,3,35,48,39,32,33,20,49,47,9,18,1,6,24.6547852,121.765753
2,宜蘭縣,24516,縣立五結國中,4,3,4,44,28,33,35,53,31,42,38,12,19,2,5,24.69717,121.80033
2,宜蘭縣,24517,縣立興中國中,2,2,2,21,13,20,18,15,19,18,16,5,12,0,3,24.698913,121.7708718
2,宜蘭縣,24518,縣立利澤國中,2,2,3,25,18,34,20,28,29,26,27,10,10,1,4,24.6658633,121.828673
2,宜蘭縣,24519,縣立員山國中,4,4,5,32,38,38,46,42,45,49,39,14,22,1,7,24.7503023,121.714608
2,宜蘭縣,24520,縣立內城國中(小),2,2,2,24,9,15,13,16,15,26,21,7,10,1,7,24.7188831,121.6875013
2,宜蘭縣,24521,縣立壯圍國中,4,5,5,50,48,60,45,60,54,59,56,11,28,3,5,24.7487231,121.7884569
2,宜蘭縣,24523,縣立大同國中,1,1,1,5,9,5,10,7,10,6,15,10,4,1,2,22.678426,120.477654
2,宜蘭縣,24524,縣立凱旋國中,6,6,6,86,81,77,69,70,89,70,57,12,34,1,7,24.7260003,121.7573169
2,宜蘭縣,24526,縣立人文國中(小),1,2,2,10,3,16,11,6,12,11,8,9,5,0,0,24.8599032,121.8197845
3,桃園市,31301,私立桃園市漢英高中附設國中部,0,1,1,0,0,7,0,7,4,5,7,0,0,0,0,24.8481652,121.2453306
3,桃園市,31310,私立六和高中附設國中部,11,11,11,277,235,263,236,251,225,271,203,0,0,0,0,24.9453453,121.1858942
3,桃園市,31311,私立復旦高中附設國中部,12,12,12,306,259,322,243,316,248,321,245,0,0,0,0,24.948372,121.203082
3,桃園市,31312,私立治平高中附設國中部,8,8,8,196,161,186,138,212,143,189,165,0,0,0,0,24.9158677,121.1886835
3,桃園市,31313,私立振聲高中附設國中部,9,9,9,202,230,230,202,210,222,236,191,0,0,0,0,24.9905152,121.3022615
3,桃園市,31319,私立清華高中附設國中部,1,1,1,3,5,14,3,6,8,6,4,0,0,0,0,24.9816339,121.1083826
3,桃園市,31320,私立新興高中附設國中部,8,8,8,173,161,169,169,177,144,170,160,0,0,0,0,24.975174,121.271855
3,桃園市,31326,私立大華高中附設國中部,5,5,5,120,108,100,82,107,60,110,75,0,0,0,0,24.882732,121.1744393
3,桃園市,31502,私立有得國中(小),3,3,3,43,34,49,42,42,35,44,32,10,11,5,7,24.98035,121.251597
3,桃園市,31503,私立康萊爾國中(小),1,1,1,12,18,10,9,21,5,11,16,4,4,0,2,24.999609,121.2966179
3,桃園市,34332,市立觀音高中附設國中部,8,8,9,111,113,109,109,107,117,102,106,0,0,0,0,25.0147432,121.1327739
3,桃園市,34335,市立新屋高中附設國中部,10,10,9,130,116,121,119,130,113,139,99,0,0,0,0,24.970544,121.1017254
3,桃園市,34347,市立永豐高中附設國中部,13,13,13,154,170,167,183,186,184,190,161,0,0,0,0,24.9749709,121.2701299
3,桃園市,34348,市立羅浮高中附設國中,3,4,3,27,26,24,20,21,32,0,0,0,0,0,0,24.9936281,121.3009798
3,桃園市,34501,市立桃園國中,16,17,14,201,195,233,194,179,200,260,219,37,93,2,12,24.995649,121.304931
3,桃園市,34502,市立青溪國中,17,16,16,256,225,262,190,230,218,251,210,39,87,0,14,24.997168,121.319889
3,桃園市,34503,市立文昌國中,14,14,14,212,187,207,158,217,175,197,161,35,80,2,10,25.0103959,121.307982
3,桃園市,34504,市立建國國中,23,24,24,355,312,387,306,330,324,341,311,60,128,2,14,24.9788939,121.3062558
3,桃園市,34505,市立中興國中,19,20,20,249,254,288,264,279,295,296,301,44,108,3,10,24.9963811,121.2908267
3,桃園市,34506,市立南崁國中,19,22,20,236,268,281,263,289,235,256,262,56,101,3,11,25.0547524,121.298237
3,桃園市,34507,市立山腳國中,4,5,5,61,51,50,59,66,46,69,56,18,18,1,6,25.088127,121.278728
3,桃園市,34508,市立大竹國中,11,13,13,175,142,194,175,193,163,160,176,23,72,2,9,25.0229601,121.2584651
6,臺中市,64532,市立成功國中,17,18,20,226,235,244,221,275,252,246,232,35,100,2,10,24.0940491,120.6992732
12,高雄市,124545,市立大灣國中,11,12,12,134,143,159,147,157,166,141,166,25,65,2,8,22.6764708,120.3421251
12,高雄市,124546,市立嘉興國中,3,3,3,32,41,33,26,28,31,30,32,9,19,2,4,22.8156734,120.3121654
12,高雄市,124547,市立茂林國中,1,1,1,4,2,7,5,3,5,6,2,4,6,0,4,22.8849452,120.6639377
12,高雄市,124548,市立桃源國中,2,2,2,6,10,6,11,8,12,10,8,12,5,0,4,25.1347115,121.477338
12,高雄市,124549,市立中崙國中,2,2,2,20,17,21,21,33,24,20,25,7,11,1,5,25.0487115,121.5611909
12,高雄市,124550,市立鳳翔國中,7,7,7,120,125,122,123,124,118,130,109,20,35,0,7,22.5971332,120.3480765
13,屏東縣,131302,私立崇華高中附設國中,1,1,1,11,12,6,7,10,9,16,11,0,0,0,0,22.6805486,120.5471813
13,屏東縣,131308,私立陸興高中附設國中部,2,2,2,47,31,35,27,42,23,42,40,0,0,0,0,22.674615,120.5005095
13,屏東縣,131311,私立美和高中附設國中部,5,6,5,102,108,132,113,114,85,127,78,0,0,0,0,22.6006765,120.5600266
13,屏東縣,131501,私立南榮國中(代用),11,11,11,209,215,211,217,189,201,221,198,27,42,3,8,22.5133707,120.5182968
13,屏東縣,134304,縣立大同高中附設國中部,9,9,9,101,111,111,122,120,124,116,163,0,0,0,0,22.678426,120.477654
13,屏東縣,134321,縣立枋寮高中附設國中部,8,10,10,91,69,93,94,108,101,91,111,0,0,0,0,22.3706155,120.5903571
13,屏東縣,134324,縣立東港高中附設國中部,14,14,19,209,200,204,204,206,249,259,233,0,0,0,0,22.4648761,120.4553517
13,屏東縣,134334,縣立來義中學附設國中部,3,3,3,38,28,35,20,41,24,33,30,0,0,0,0,22.52572,120.6296972
13,屏東縣,134501,縣立明正國中,21,21,24,288,324,326,290,318,344,298,311,56,100,3,10,22.6795669,120.4976171
13,屏東縣,134502,縣立中正國中,18,18,19,267,242,240,247,247,240,273,264,44,95,1,12,22.6720999,120.5086289
13,屏東縣,134503,縣立公正國中,3,5,4,44,29,48,50,59,40,61,37,10,24,0,7,22.6407893,120.4842587
13,屏東縣,134505,縣立鶴聲國中,7,7,9,107,73,115,74,111,95,113,69,21,33,1,8,22.6588033,120.4723409
13,屏東縣,134506,縣立至正國中,6,6,8,87,56,85,72,123,101,96,93,19,36,1,6,22.6911414,120.4936102
13,屏東縣,134507,縣立長治國中,4,4,5,32,36,42,38,50,26,46,34,12,21,0,5,22.6935377,120.5442428
13,屏東縣,134508,縣立麟洛國中,3,2,3,34,14,24,11,35,20,53,27,7,18,2,3,22.6407066,120.5360571
13,屏東縣,134509,縣立九如國中,6,6,5,70,60,85,66,82,61,77,71,23,23,3,4,22.717214,120.486393
13,屏東縣,134510,縣立里港國中,7,7,8,87,96,98,85,97,88,109,108,19,39,3,5,22.7709889,120.4962283
13,屏東縣,134511,縣立鹽埔國中,5,5,4,55,55,61,58,50,50,61,57,16,25,2,5,22.7531256,120.574506
13,屏東縣,134512,縣立高樹國中,3,3,5,32,38,46,39,48,50,48,59,10,22,2,3,22.816889,120.603629
13,屏東縣,134513,縣立高泰國中,2,3,3,28,21,31,26,39,26,34,25,13,12,0,4,22.7920273,120.6121605
13,屏東縣,134514,縣立內埔國中,5,6,7,59,58,79,72,75,66,85,80,20,28,1,7,22.6109593,120.5702291
13,屏東縣,134515,縣立崇文國中,4,5,4,50,38,41,59,48,58,57,51,17,21,1,6,22.6786086,120.6012856
13,屏東縣,134516,縣立竹田國中,2,2,2,26,31,28,19,23,30,39,31,4,14,0,4,22.6166543,120.5237999
13,屏東縣,134517,縣立潮州國中,8,10,10,115,97,132,135,134,128,122,118,30,44,1,6,22.553934,120.542915
13,屏東縣,134518,縣立光春國中,4,4,5,32,28,49,31,49,39,56,38,18,30,2,5,22.534405,120.540685
13,屏東縣,134519,縣立萬巒國中,4,5,6,45,46,65,51,68,54,70,66,14,25,3,4,22.571429,120.574788
13,屏東縣,134520,縣立新埤國中,1,1,1,5,3,3,4,3,6,10,0,4,7,0,3,22.483995,120.565311
13,屏東縣,134522,縣立萬丹國中,7,8,8,82,94,100,87,133,108,133,98,21,40,2,6,22.596841,120.4884536
13,屏東縣,134523,縣立新園國中,7,5,6,83,61,63,58,75,81,74,82,17,35,2,4,22.5452661,120.4613993
13,屏東縣,134525,縣立林邊國中,6,5,6,86,72,78,68,65,78,83,68,21,27,3,4,22.4328734,120.5100836
13,屏東縣,134526,縣立南州國中,2,2,2,25,22,17,21,24,25,29,24,10,12,1,3,22.4875174,120.5045682
13,屏東縣,134527,縣立佳冬國中,2,2,3,26,11,30,13,34,33,22,24,10,15,0,5,22.4288311,120.5667866
13,屏東縣,134528,縣立琉球國中,3,3,3,40,21,36,33,36,30,39,32,14,14,1,4,22.3362422,120.3684322
13,屏東縣,134530,縣立車城國中,3,3,4,26,40,36,43,50,44,48,47,15,15,2,3,22.0726638,120.7163793
13,屏東縣,134531,縣立恆春國中,9,8,9,115,105,130,106,114,121,158,120,32,44,0,8,22.0015314,120.7479462
13,屏東縣,134532,縣立滿州國中,1,2,1,12,11,18,15,9,12,11,23,9,6,2,1,22.0238789,120.8396558
13,屏東縣,134533,縣立瑪家國中,3,3,3,33,21,35,14,35,27,27,21,7,15,1,4,22.7023221,120.6094961
13,屏東縣,134535,縣立泰武國中,2,2,2,26,16,17,15,26,20,24,18,12,6,0,4,22.591822,120.6328161
13,屏東縣,134536,縣立牡丹國中,1,1,1,9,9,10,10,13,10,14,10,7,5,1,3,22.1288301,120.775646
13,屏東縣,134537,縣立獅子國中,1,1,1,9,5,4,7,14,9,16,7,5,7,1,3,22.2049857,120.7006841
13,屏東縣,134538,縣立東新國中,4,4,5,47,47,48,36,69,55,63,47,13,23,0,8,22.4737156,120.464926
13,屏東縣,134542,縣立萬新國中,5,6,6,44,58,72,61,76,58,76,58,20,24,1,6,22.5621638,120.492264
13,屏東縣,134543,縣立大路關國中(小),0,1,1,0,0,3,3,4,6,6,4,3,5,0,2,22.7391341,120.6204884
14,臺東縣,140301,國立臺東大學附屬體育高級中學,4,4,4,45,22,52,15,42,19,40,20,0,0,0,0,22.7644294,121.075238
14,臺東縣,141301,私立均一高中附設國中部,2,2,2,24,26,25,20,19,25,27,23,0,0,0,0,22.7703313,121.1261014
14,臺東縣,141307,私立育仁高中附設國中部,1,1,1,21,7,11,12,6,13,13,9,0,0,0,0,22.77419,121.092785
12,高雄市,124543,市立青年國中,16,15,15,235,236,259,169,240,191,217,233,31,85,1,14,22.6307783,120.3493223
12,高雄市,124544,市立一甲國中,6,5,5,59,40,51,46,54,53,57,64,19,26,2,6,22.8683765,120.2723655
14,臺東縣,144502,縣立東海國中,8,9,10,128,104,103,117,125,124,132,137,21,51,4,7,22.7454351,121.1495917
14,臺東縣,144503,縣立寶桑國中,5,5,5,55,64,49,46,61,53,66,55,16,27,3,6,22.7695545,121.1449035
14,臺東縣,144504,縣立卑南國中,4,4,5,56,44,39,45,60,41,46,46,11,30,2,5,22.788454,121.111934
14,臺東縣,144508,縣立鹿野國中,1,1,2,16,7,9,15,10,20,15,17,7,9,2,3,22.9069333,121.1351612
14,臺東縣,144509,縣立瑞源國中,1,1,1,7,2,9,4,6,4,6,6,5,7,0,3,22.9738564,121.1556553
14,臺東縣,144510,縣立關山國中,4,4,5,45,52,51,49,52,61,49,57,16,21,4,5,23.0451181,121.159828
14,臺東縣,144511,縣立池上國中,2,3,3,27,12,23,40,29,28,35,19,13,15,0,6,23.1148377,121.204932
14,臺東縣,144512,縣立大王國中,2,4,3,20,15,39,27,37,24,46,30,14,11,2,4,22.6154435,121.0066205
14,臺東縣,144513,縣立賓茂國中,2,2,2,15,6,18,11,18,9,27,11,11,11,1,2,22.5327778,120.9666667
14,臺東縣,144514,縣立大武國中,2,4,3,13,25,38,30,32,27,40,38,14,14,4,4,22.364649,120.907678
14,臺東縣,144515,縣立都蘭國中,1,2,1,9,10,16,14,15,13,15,22,6,11,1,3,22.8739349,121.2245649
14,臺東縣,144516,縣立泰源國中,2,2,2,21,4,24,5,13,14,21,10,10,13,4,1,23.001521,121.289998
14,臺東縣,144517,縣立新港國中,4,3,4,32,39,29,49,33,55,41,37,12,22,2,6,23.5578448,120.3431122
14,臺東縣,144518,縣立長濱國中,1,2,2,11,14,11,16,20,15,17,18,7,11,1,3,23.3145811,121.4586833
14,臺東縣,144519,縣立桃源國中,1,1,1,13,3,10,4,10,6,12,3,7,5,1,2,22.9026384,121.0803706
14,臺東縣,144520,縣立海端國中,1,1,1,2,3,6,4,7,10,5,8,5,8,2,1,23.098988,121.17644
14,臺東縣,144521,縣立綠島國中,1,2,1,7,8,9,5,10,9,5,5,5,10,3,1,22.6730389,121.4702398
15,花蓮縣,151306,私立海星高中附設國中部,3,3,2,26,18,28,33,38,27,32,45,0,0,0,0,24.0086791,121.6131047
15,花蓮縣,151312,私立慈大附中附設國中部,7,7,7,125,129,120,105,113,108,102,78,0,0,0,0,24.0000649,121.5741076
15,花蓮縣,154399,縣立南平中學附設國中部,0,0,0,0,0,0,0,0,0,0,0,0,0,0,0,23.7833851,121.4575662
15,花蓮縣,154501,縣立玉里國中,6,6,9,79,84,78,80,81,85,80,89,26,29,3,5,23.335277,121.312934
15,花蓮縣,154502,縣立玉東國中,1,1,2,7,13,14,10,17,18,10,13,9,6,1,4,23.4167908,121.3709591
15,花蓮縣,154503,縣立三民國中,2,2,2,30,10,34,12,26,5,20,18,9,10,2,3,23.4322735,121.3500322
15,花蓮縣,154504,縣立美崙國中,5,6,5,79,42,76,52,85,57,87,58,13,29,4,4,23.9972365,121.6285149
15,花蓮縣,154505,縣立花崗國中,15,16,15,191,175,185,208,202,192,194,201,37,72,3,11,23.9775045,121.6123828
15,花蓮縣,154506,縣立國風國中,18,19,19,265,250,256,255,262,257,259,248,49,93,1,14,23.9781451,121.5957218
15,花蓮縣,154507,縣立秀林國中,3,3,4,36,36,44,38,32,40,32,33,14,15,3,3,24.126051,121.6530032
15,花蓮縣,154508,縣立新城國中,4,4,3,33,35,46,39,36,38,36,39,7,21,2,6,24.030965,121.604834
15,花蓮縣,154509,縣立吉安國中,3,3,3,32,37,30,35,36,34,50,43,10,15,3,5,23.983132,121.561344
15,花蓮縣,154510,縣立宜昌國中,9,9,8,125,111,121,111,120,88,114,109,28,50,4,5,23.9721569,121.58658
15,花蓮縣,154511,縣立壽豐國中,2,2,2,26,21,27,22,21,33,41,28,9,7,2,2,23.8456878,121.5004386
15,花蓮縣,154512,縣立平和國中,2,1,1,14,15,10,6,21,7,15,6,6,12,2,3,23.8856018,121.518801
15,花蓮縣,154513,縣立光復國中,3,3,3,23,34,40,33,30,35,37,38,11,19,2,6,23.6706032,121.424671
15,花蓮縣,154514,縣立富源國中,1,1,1,10,8,7,7,11,7,5,13,6,7,0,3,23.588935,121.383927
15,花蓮縣,154515,縣立鳳林國中,4,3,4,44,40,41,40,45,36,49,45,15,15,1,7,23.7444815,121.4489814
15,花蓮縣,154516,縣立萬榮國中,1,1,1,6,3,6,8,9,4,7,7,6,7,2,1,23.7076013,121.4181176
15,花蓮縣,154517,縣立富里國中,1,1,3,13,10,17,12,18,16,18,24,9,9,1,4,23.1757009,121.248963
15,花蓮縣,154518,縣立富北國中,1,1,1,4,7,14,9,12,9,15,10,7,7,2,2,23.2246835,121.2798008
15,花蓮縣,154519,縣立豐濱國中,1,1,1,6,10,7,6,8,9,14,5,4,9,0,4,23.6014189,121.5215467
15,花蓮縣,154520,縣立瑞穗國中,3,4,4,38,32,39,28,42,34,45,32,15,18,5,5,23.4991399,121.3758499
15,花蓮縣,154521,縣立東里國中,1,1,1,2,7,3,3,8,7,6,7,5,6,0,2,23.2634849,121.302669
15,花蓮縣,154522,縣立自強國中,8,7,8,113,107,97,81,100,87,124,88,25,35,2,7,23.9978564,121.5992803
15,花蓮縣,154523,縣立化仁國中,5,5,5,53,44,68,43,58,39,59,41,18,22,1,7,23.9654969,121.5929914
16,澎湖縣,164501,縣立馬公國中,12,13,14,167,149,144,158,152,146,176,164,46,65,4,8,23.5266867,119.5888429
16,澎湖縣,164502,縣立中正國中,4,3,3,26,34,39,22,24,26,26,18,20,11,0,6,22.6720999,120.5086289
16,澎湖縣,164503,縣立澎南國中,1,1,1,1,6,6,9,11,9,9,13,8,4,1,3,23.5266867,119.5888429
16,澎湖縣,164504,縣立湖西國中,1,2,2,15,13,23,20,17,21,25,20,5,12,2,4,23.584501,119.653832
16,澎湖縣,164505,縣立志清國中,1,1,1,2,3,1,1,2,2,3,2,3,5,0,1,23.5899191,119.6118039
16,澎湖縣,164506,縣立鎮海國中,1,1,1,4,2,6,2,1,3,4,6,3,6,1,0,23.6435994,119.5972689
16,澎湖縣,164507,縣立白沙國中,1,1,1,10,5,5,4,10,4,5,6,6,7,0,1,23.6678483,119.598255
16,澎湖縣,164508,縣立吉貝國中,1,1,1,2,4,6,3,4,1,1,4,5,3,0,1,23.7367073,119.6058084
16,澎湖縣,164509,縣立西嶼國中,1,1,2,7,9,13,10,13,19,19,14,9,6,2,3,23.5999762,119.5105136
16,澎湖縣,164510,縣立望安國中,1,1,1,1,0,3,0,3,1,3,3,3,6,1,0,23.360288,119.4971491
6,臺中市,64533,市立和平國中,2,2,2,5,8,5,10,7,8,4,10,8,12,3,1,25.0196314,121.5491522
6,臺中市,64534,市立北勢國中,6,7,8,82,81,105,72,100,83,88,69,19,33,1,6,24.2252129,120.5691939
6,臺中市,64535,市立鹿寮國中,12,12,11,190,176,193,181,164,176,175,162,21,64,3,6,24.2438043,120.5667501
6,臺中市,64537,市立光榮國中,17,16,18,215,229,217,219,230,263,216,227,48,88,1,12,25.0704534,121.4999178
6,臺中市,64538,市立潭秀國中,12,13,12,176,136,173,169,194,168,165,153,27,66,4,6,24.2161685,120.6995802
6,臺中市,64539,市立順天國中,11,12,11,128,123,166,134,120,127,159,144,30,62,1,8,24.350426,120.6153585
6,臺中市,64540,市立清海國中,2,2,2,8,12,12,11,12,10,12,11,12,7,0,5,24.2767126,120.5540226
6,臺中市,64541,市立大華國中,16,17,19,249,209,243,238,245,258,265,225,34,94,3,9,24.2162867,120.6508118
6,臺中市,64543,市立新光國中,16,17,17,235,214,229,244,236,231,211,212,34,87,3,10,24.1581429,120.7093801
6,臺中市,64544,市立光正國中,8,9,8,107,94,108,105,112,112,96,94,21,42,2,6,24.0962682,120.7181211
6,臺中市,64545,市立豐陽國中,8,8,9,93,94,96,95,101,101,83,95,27,40,1,7,24.2623377,120.7445288
6,臺中市,64546,市立光德國中,14,14,13,196,167,192,176,191,164,196,208,32,72,4,8,24.1058285,120.6415987
6,臺中市,64547,市立立新國中,5,7,6,74,41,80,70,74,56,65,61,21,31,3,5,24.1043277,120.6972183
6,臺中市,64548,市立爽文國中,16,16,16,224,217,252,235,237,239,229,216,40,82,1,11,24.1072573,120.6776851
6,臺中市,64549,市立公明國中,3,3,3,28,32,30,22,27,38,37,41,14,10,3,2,24.2495101,120.5986388
6,臺中市,64551,市立神圳國中,6,6,7,81,67,82,77,86,88,90,74,17,32,3,5,24.2609052,120.6585902
6,臺中市,64552,市立梨山國中(小),2,2,2,8,6,8,12,10,6,11,11,9,9,2,4,24.255672,121.25945
7,彰化縣,71311,私立精誠高中附設國中部,13,13,13,371,287,357,297,358,250,405,246,0,0,0,0,24.0731321,120.5272945
7,彰化縣,71317,私立文興高中附設國中部,7,7,7,177,131,159,122,175,149,188,133,0,0,0,0,23.867111,120.5868495
7,彰化縣,71318,私立正德高中附設國中部,1,1,1,5,0,1,0,3,1,3,3,0,0,0,0,24.0587655,120.5184684
7,彰化縣,74308,縣立彰化藝術高中附設國中部,6,6,6,48,47,47,41,46,41,40,61,0,0,0,0,24.078871,120.554266
7,彰化縣,74313,縣立二林高中附設國中部,8,11,10,92,112,138,120,123,125,150,168,0,0,0,0,23.8901258,120.359044
7,彰化縣,74323,縣立和美高中附設國中部,13,13,13,186,176,196,164,201,167,185,172,0,0,0,0,24.1132428,120.49367
7,彰化縣,74328,縣立田中高中附設國中部,9,9,11,118,120,131,118,144,134,138,154,0,0,0,0,23.8555119,120.5887042
7,彰化縣,74339,縣立成功高中附設國中部,8,8,7,119,97,97,102,106,87,116,114,0,0,0,0,23.9515136,120.4718336
7,彰化縣,74501,縣立北斗國中,8,8,7,115,87,132,103,114,100,128,115,23,45,3,5,23.8758755,120.5213474
7,彰化縣,74502,縣立鹿港國中,19,18,18,288,239,280,228,257,229,276,275,40,90,4,8,24.0514633,120.439298
7,彰化縣,74503,縣立鹿鳴國中,9,9,9,122,106,101,116,130,112,143,122,31,41,3,4,24.0988443,120.4690469
7,彰化縣,74504,縣立線西國中,4,5,5,64,53,83,52,67,61,59,67,17,23,1,6,24.1308535,120.4682133
7,彰化縣,74505,縣立陽明國中,13,14,14,169,170,197,177,227,178,239,201,37,73,3,8,22.6430211,120.3403786
7,彰化縣,74506,縣立彰安國中,10,8,10,99,130,103,104,124,125,124,124,20,55,2,7,24.0705957,120.5355787
7,彰化縣,74507,縣立彰德國中,6,7,6,91,72,98,64,77,92,81,101,10,39,4,4,24.0798957,120.5896033
7,彰化縣,74509,縣立芬園國中,3,3,4,43,30,49,24,45,63,44,48,11,15,3,3,24.011875,120.6266069
7,彰化縣,74510,縣立員林國中,16,16,14,215,221,226,196,213,185,213,185,34,74,0,12,23.963015,120.560476
7,彰化縣,74511,縣立明倫國中,7,7,8,101,85,88,113,107,116,108,121,17,45,4,5,23.9477714,120.5857321
7,彰化縣,74512,縣立萬興國中,2,2,2,25,22,17,21,22,11,19,15,6,15,0,4,23.9554806,120.4158658
7,彰化縣,74514,縣立竹塘國中,7,7,7,116,87,95,96,92,97,98,100,23,33,2,5,23.8644921,120.425734
7,彰化縣,74515,縣立大城國中,3,3,3,43,34,40,39,46,31,63,40,9,20,3,4,23.852762,120.323964
7,彰化縣,74516,縣立草湖國中,2,3,3,26,23,36,27,47,27,52,53,11,16,1,6,23.958039,120.3783378
7,彰化縣,74517,縣立芳苑國中,3,2,3,36,31,32,25,39,24,32,30,10,17,3,2,23.923894,120.319969
7,彰化縣,74518,縣立溪湖國中,16,16,15,203,210,237,226,216,214,213,214,47,65,2,10,23.9669094,120.4802037
7,彰化縣,74519,縣立埔鹽國中,4,5,6,52,48,54,47,80,60,65,66,18,28,2,5,23.9994179,120.4661178
7,彰化縣,74520,縣立埔心國中,5,5,4,58,57,62,48,48,65,58,55,13,28,2,6,23.953828,120.5430515
7,彰化縣,74521,縣立福興國中,10,9,11,120,135,119,115,178,122,169,124,31,44,4,6,24.0413503,120.4364587
7,彰化縣,74522,縣立秀水國中,11,13,13,157,143,191,160,202,182,219,184,29,76,4,9,24.036143,120.503737
7,彰化縣,74524,縣立伸港國中,11,10,10,154,138,153,130,151,127,191,141,31,45,3,7,24.149187,120.485174
7,彰化縣,74525,縣立大村國中,5,5,6,78,64,69,65,68,78,93,77,16,27,2,5,23.9881417,120.5649809
7,彰化縣,74526,縣立花壇國中,7,8,8,82,88,104,101,114,81,96,94,21,39,2,6,24.0297049,120.549093
7,彰化縣,74527,縣立永靖國中,11,11,10,168,113,169,120,166,130,191,154,35,43,2,8,23.9304052,120.5513441
7,彰化縣,74529,縣立二水國中,2,2,2,16,14,23,15,34,13,43,21,9,12,2,3,23.8024767,120.6448314
7,彰化縣,74530,縣立社頭國中,8,9,7,100,105,126,104,108,84,119,117,20,47,1,8,23.9011661,120.5841277
7,彰化縣,74531,縣立田尾國中,7,6,7,82,65,72,62,99,77,113,80,14,41,1,6,23.8895222,120.5340049
7,彰化縣,74532,縣立溪州國中,4,4,4,52,39,55,37,60,53,51,38,18,17,3,5,23.8503991,120.4948694
7,彰化縣,74533,縣立溪陽國中,2,3,3,27,30,35,30,44,37,38,35,10,17,2,4,23.8243859,120.5440256
7,彰化縣,74534,縣立埤頭國中,7,7,7,108,74,93,78,106,94,112,103,23,36,2,7,23.880247,120.460393
14,臺東縣,144505,縣立豐田國中,4,3,3,54,30,42,18,39,22,34,23,10,21,1,6,22.7717128,121.0908078
3,桃園市,34509,市立大園國中,17,16,16,222,185,231,210,247,180,230,197,45,81,3,11,25.0532834,121.1714775
3,桃園市,34510,市立竹圍國中,4,6,5,50,55,87,61,69,68,77,84,20,19,1,6,25.109708,121.238563
3,桃園市,34511,市立大溪國中,9,10,11,116,112,122,127,132,122,139,139,26,47,2,7,24.8796559,121.2954956
3,桃園市,34513,市立仁和國中,18,18,19,266,211,269,234,281,209,284,224,39,95,5,9,24.894726,121.2739164
3,桃園市,34515,市立大崗國中,12,12,12,185,142,171,133,141,147,171,141,30,64,2,9,25.0524891,121.3710741
3,桃園市,34516,市立八德國中,14,13,14,181,168,179,188,179,174,160,173,35,74,2,10,24.9294355,121.2866881
3,桃園市,34517,市立大成國中,24,24,24,402,355,386,360,371,354,394,302,60,121,4,11,22.978864,120.197917
3,桃園市,34518,市立中壢國中,19,19,19,251,262,263,271,228,246,233,232,29,122,1,13,24.9510053,121.218887
3,桃園市,34520,市立平南國中,15,15,16,178,177,206,169,217,224,202,181,26,90,3,10,24.910076,121.2107638
3,桃園市,34521,市立新明國中,8,8,9,97,59,106,61,113,84,122,81,18,47,2,7,24.956923,121.213008
3,桃園市,34522,市立內壢國中,27,27,29,417,364,400,406,429,394,429,372,55,156,5,10,24.971042,121.248853
3,桃園市,34523,市立大崙國中,4,5,5,66,37,75,55,57,64,79,69,9,27,2,8,24.9912409,121.1798842
3,桃園市,34524,市立龍岡國中,14,15,14,188,190,205,183,200,171,197,230,28,83,4,9,24.9295099,121.2521234
3,桃園市,34525,市立興南國中,4,5,5,39,32,44,48,54,35,45,41,15,40,4,3,24.9737065,121.2267781
3,桃園市,34526,市立自強國中,15,16,15,196,175,219,198,231,198,191,226,31,88,3,9,24.9987911,121.4724939
3,桃園市,34527,市立東興國中,26,28,27,387,373,413,381,382,393,361,327,53,148,2,14,24.9497767,121.2301109
3,桃園市,34528,市立楊梅國中,16,18,19,191,201,215,186,222,196,185,181,36,106,4,11,24.9033484,121.1482637
3,桃園市,34529,市立仁美國中,6,6,6,65,57,50,64,71,48,77,67,13,36,3,6,24.9240144,121.184162
3,桃園市,34530,市立富岡國中,3,3,3,24,25,20,27,29,25,32,45,7,18,0,5,24.9420695,121.073974
6,臺中市,63501,市立善水國中(小),1,1,1,0,0,0,0,0,0,1,0,6,6,1,2,24.2421318,120.5239738
6,臺中市,64308,市立后綜高中附設國中部,10,12,10,136,127,131,146,134,132,144,125,0,0,0,0,24.3064604,120.7231399
6,臺中市,64324,市立大里高中附設國中部,7,6,7,92,84,59,73,95,72,57,83,0,0,0,0,24.0950886,120.6789887
6,臺中市,64328,市立新社高中附設國中部,6,6,6,81,62,87,70,76,88,93,83,0,0,0,0,24.2386141,120.806864
6,臺中市,64336,市立長億高中附設國中部,12,11,11,169,163,162,156,162,156,162,157,0,0,0,0,24.1138805,120.7210106
6,臺中市,64342,市立中港高中附設國中部,11,11,11,176,177,155,170,175,161,166,166,0,0,0,0,24.2442409,120.5419946
6,臺中市,64350,市立龍津高中附設國中部,8,8,8,112,104,96,99,115,104,93,107,0,0,0,0,24.204669,120.521466
6,臺中市,64406,市立神岡高工附設國中部,8,9,9,117,80,133,111,127,97,121,120,0,0,0,0,24.246864,120.681939
6,臺中市,64501,市立豐原國中,11,13,13,156,130,178,161,149,159,172,156,34,61,5,6,24.2616162,120.7197251
6,臺中市,64502,市立豐東國中,20,22,22,285,276,317,312,307,326,321,271,43,117,2,11,24.247688,120.7296032
6,臺中市,64503,市立豐南國中,18,18,17,254,238,226,249,224,236,238,210,41,88,3,9,24.239154,120.716777
6,臺中市,64504,市立潭子國中,8,7,11,100,91,83,97,108,125,93,105,16,47,2,5,24.2096079,120.7081277
6,臺中市,64505,市立大雅國中,14,14,16,166,176,177,185,186,203,176,178,40,77,3,9,24.2238501,120.6496866
6,臺中市,64507,市立后里國中,6,7,7,79,61,82,80,85,86,123,88,18,32,1,7,24.307963,120.6954847
6,臺中市,64509,市立外埔國中,6,6,5,58,53,69,54,61,69,87,72,15,30,2,6,24.3322462,120.6508031
6,臺中市,64510,市立大甲國中,18,17,17,242,203,230,211,231,198,251,185,38,96,3,8,24.353289,120.6224064
6,臺中市,64511,市立日南國中,8,8,9,110,95,113,88,125,112,125,132,18,44,2,5,24.3780162,120.6523129
6,臺中市,64512,市立大安國中,3,3,3,21,11,21,26,22,21,25,25,10,18,1,5,25.030845,121.54617
6,臺中市,64513,市立清水國中,17,19,21,241,245,273,261,294,270,294,273,44,101,1,12,24.267959,120.562458
6,臺中市,64514,市立清泉國中,4,6,5,43,41,59,57,57,50,82,46,14,27,3,3,24.305823,120.59252
6,臺中市,64515,市立沙鹿國中,18,20,19,250,236,239,239,264,243,241,200,48,91,1,11,24.2349537,120.5633231
6,臺中市,64516,市立梧棲國中,6,8,9,64,60,70,88,106,108,94,101,24,34,3,5,24.2526956,120.532722
6,臺中市,64517,市立龍井國中,5,6,6,71,43,80,69,81,75,80,76,15,30,1,7,24.1919161,120.5433808
6,臺中市,64518,市立四箴國中,9,7,8,125,100,93,83,114,86,106,98,15,50,2,6,24.1792488,120.5759848
6,臺中市,64519,市立大道國中,10,12,12,122,118,134,132,129,136,122,141,27,64,2,6,24.1471742,120.5498765
6,臺中市,64520,市立烏日國中,5,4,4,57,44,49,42,55,48,50,46,11,22,0,7,24.1050716,120.6174006
3,桃園市,34531,市立瑞原國中,4,4,4,42,27,51,26,35,26,47,35,13,19,2,5,24.9334978,121.1215104
3,桃園市,34533,市立觀音國中,3,4,5,33,38,52,35,46,45,48,39,15,18,2,3,25.0388807,121.0807615
3,桃園市,34534,市立草漯國中,6,6,7,73,79,92,74,93,72,86,80,17,30,3,5,25.0447137,121.1405555
3,桃園市,34536,市立大坡國中,3,3,3,19,15,17,19,23,18,20,26,10,20,1,3,24.9611593,121.0397864
3,桃園市,34537,市立永安國中,3,3,3,13,8,19,16,22,18,24,18,7,24,1,5,22.8233569,120.2403399
3,桃園市,34538,市立龍潭國中,17,14,15,221,232,192,188,227,206,177,196,36,83,3,8,24.8564263,121.2175825
3,桃園市,34539,市立凌雲國中,6,8,7,80,48,97,82,76,78,113,89,14,42,3,6,24.85867,121.202121
3,桃園市,34540,市立石門國中,8,8,8,101,90,115,91,87,108,106,93,21,45,1,8,24.8408333,121.24
3,桃園市,34541,市立介壽國中,0,0,0,0,0,0,0,0,0,25,27,0,0,0,0,25.0564253,121.5564352
3,桃園市,34542,市立慈文國中,23,25,24,348,353,390,357,371,328,327,299,57,126,5,10,25.0094401,121.3016355
7,彰化縣,74535,縣立和群國中,10,9,10,144,117,121,132,147,121,148,121,25,47,1,7,24.1114572,120.5194953
7,彰化縣,74536,縣立大同國中,23,23,24,297,310,299,336,349,318,331,354,57,110,4,12,22.678426,120.477654
7,彰化縣,74537,縣立原斗國中(小),1,1,1,5,8,10,10,11,17,14,12,4,10,1,4,23.8944729,120.4263714
7,彰化縣,74538,縣立彰興國中,18,18,18,266,274,264,272,295,231,283,271,39,91,11,2,24.0592742,120.5382511
7,彰化縣,74540,縣立彰泰國中,20,21,20,284,267,301,283,312,242,312,269,36,108,4,10,24.0914494,120.548645
7,彰化縣,74541,縣立信義國中(小),4,4,4,63,49,50,65,54,38,48,52,12,19,3,7,24.0627225,120.5281398
7,彰化縣,74542,縣立鹿江國際國中(小),3,3,3,46,34,41,36,33,44,0,0,6,15,0,2,24.0654947,120.4380802
7,彰化縣,74543,縣立民權華德福實驗國中(小),1,1,1,3,4,2,4,1,5,0,0,2,6,0,0,23.9333538,120.3476673
7,彰化縣,07C301,勵志中學附設國中部,0,1,1,0,0,0,1,0,2,0,1,0,0,0,0,23.8768384,120.6076966
8,南投縣,81312,私立三育高中附設國中部,1,1,1,11,11,24,16,23,13,15,8,0,0,0,0,23.9084174,120.9350563
8,南投縣,81313,私立弘明實驗高中國中部,2,2,2,19,22,22,17,17,18,17,18,0,0,0,0,23.8576862,120.6972649
8,南投縣,81314,私立普台中學國中部,6,6,6,106,74,114,73,112,70,112,95,0,0,0,0,23.9942691,120.93693
8,南投縣,81409,私立同德高中附設國中部,1,0,0,8,7,0,0,0,0,0,0,0,0,0,0,23.99842,120.695346
8,南投縣,81502,私立均頭國中(小),2,3,3,42,19,47,18,52,27,62,22,11,10,6,12,23.9503079,120.9729562
8,南投縣,84309,縣立旭光高中附設國中部,9,12,12,123,121,131,156,160,148,152,162,0,0,0,0,23.9795219,120.6945993
8,南投縣,84501,縣立南投國中,8,8,10,100,100,97,93,130,138,123,110,26,44,2,8,23.9130514,120.6754063
8,南投縣,84502,縣立南崗國中,9,12,9,119,111,146,139,123,109,131,120,33,49,2,8,23.8958218,120.6830195
8,南投縣,84503,縣立中興國中,18,18,18,289,208,280,224,272,224,270,277,47,93,4,11,23.931492,120.6938455
8,南投縣,84504,縣立鳳鳴國中,1,1,1,5,5,6,0,8,9,6,7,5,7,1,3,24.967511,121.331827
8,南投縣,84505,縣立埔里國中,10,12,12,93,136,148,147,143,125,138,155,35,69,4,9,23.968138,120.96847
8,南投縣,84506,縣立大成國中,6,6,6,59,67,71,72,60,66,75,71,24,32,2,6,24.9581072,121.305089
8,南投縣,84507,縣立宏仁國中,12,11,13,154,165,152,161,194,162,172,157,35,60,1,10,23.9614151,120.9728156
8,南投縣,84508,縣立草屯國中,13,12,13,165,167,150,144,177,185,163,180,24,73,3,9,23.977259,120.685991
8,南投縣,84510,縣立日新國中,3,3,3,36,28,35,25,30,41,29,34,11,11,0,5,23.9947408,120.6769951
8,南投縣,84511,縣立竹山國中,6,7,6,78,86,75,84,86,77,78,82,22,31,1,7,23.7533668,120.6818346
8,南投縣,84512,縣立延和國中,7,8,9,89,81,114,106,101,123,127,116,23,40,4,5,23.7604828,120.6950715
8,南投縣,84513,縣立社寮國中,1,1,1,3,4,9,5,5,7,8,6,3,9,0,4,23.8087654,120.7204455
8,南投縣,84514,縣立瑞竹國中,1,1,1,1,2,3,4,6,7,5,3,5,7,2,2,23.6674163,120.6709032
8,南投縣,84515,縣立集集國中,2,2,2,22,17,15,14,13,17,25,19,5,16,2,3,23.831825,120.7844139
8,南投縣,84516,縣立名間國中,4,4,4,44,42,47,41,56,48,60,50,12,22,0,7,23.844906,120.6951144
8,南投縣,84517,縣立三光國中,4,4,4,40,34,54,25,43,36,73,33,12,25,1,5,24.1672395,120.6984857
8,南投縣,84518,縣立鹿谷國中,1,2,2,16,7,13,12,24,11,18,19,10,8,2,2,23.7490928,120.7589191
8,南投縣,84519,縣立瑞峰國中,1,1,1,4,2,1,4,2,2,2,2,3,9,0,4,23.7825685,120.7762717
8,南投縣,84520,縣立中寮國中,1,1,2,11,10,11,13,16,17,13,12,3,11,1,4,23.8840263,120.7661448
8,南投縣,84521,縣立爽文國中,2,2,2,27,16,18,23,17,16,20,11,11,9,0,4,23.9333751,120.76193
8,南投縣,84522,縣立魚池國中,2,2,2,14,15,21,13,15,16,24,24,6,15,0,3,23.8944602,120.9317344
8,南投縣,84523,縣立明潭國中,1,1,1,5,2,6,7,3,3,0,1,4,8,0,3,23.8682513,120.9110706
8,南投縣,84524,縣立國姓國中,2,2,2,25,21,23,25,24,29,39,32,10,11,1,4,24.042665,120.858612
8,南投縣,84525,縣立北梅國中,1,1,1,8,3,5,6,10,11,9,11,5,8,0,3,24.0572269,120.9116462
8,南投縣,84526,縣立北山國中,1,1,1,10,7,5,6,12,13,13,8,6,7,2,2,23.9806038,120.8732203
8,南投縣,84527,縣立水里國中,4,5,5,46,64,59,50,65,50,64,68,11,26,2,5,23.8104697,120.8568926
8,南投縣,84528,縣立民和國中,1,1,1,3,7,12,8,11,15,15,16,7,8,1,3,23.798001,120.9181474
8,南投縣,84529,縣立信義國中,1,2,1,6,11,13,11,10,12,13,14,6,11,2,3,23.696674,120.854169
8,南投縣,84530,縣立同富國中,2,1,2,17,14,16,10,20,26,20,15,8,8,2,3,23.59513,120.8874004
8,南投縣,84531,縣立仁愛國中,2,2,2,15,19,27,22,14,20,23,24,9,9,1,3,24.8327902,121.014325
8,南投縣,84532,縣立營北國中,5,6,4,82,30,63,72,54,41,62,49,14,27,1,6,23.9522122,120.6866696
9,雲林縣,91307,私立永年高中附設國中部,4,3,3,72,48,56,30,66,28,57,33,0,0,0,0,23.6797617,120.3998417
9,雲林縣,91308,私立正心高中附設國中部,11,11,12,221,176,230,185,273,200,267,199,0,0,0,0,23.7150432,120.5282857
9,雲林縣,91311,私立文生高中附設國中部,2,2,2,54,34,55,36,52,36,48,42,0,0,0,0,23.6326997,120.2265183
9,雲林縣,91316,私立揚子高中附設國中部,4,5,5,126,54,151,71,150,73,147,76,0,0,0,0,23.6966464,120.4231492
9,雲林縣,91319,私立福智高中附設國中部,3,3,3,37,56,50,59,34,48,42,63,0,0,0,0,23.6330383,120.5231125
9,雲林縣,91320,私立維多利亞高中附設國中部,2,2,3,27,23,38,35,41,34,34,32,0,0,0,0,23.679668,120.5525074
9,雲林縣,91502,私立淵明國中(代用),9,10,10,165,88,174,108,166,108,165,99,22,42,2,6,23.754222,120.614428
9,雲林縣,91503,私立東南國中(代用),18,18,17,33,483,34,464,22,454,22,492,46,63,1,9,23.8027207,120.4518606
9,雲林縣,91506,私立福智實驗國中,1,1,1,27,0,25,0,11,0,14,0,2,4,0,3,23.635984,120.523744
14,臺東縣,144322,縣立蘭嶼高中附設國中部,2,2,2,19,13,17,14,10,21,12,15,0,0,0,0,22.0498373,121.5118562
14,臺東縣,144506,縣立知本國中,3,3,3,22,16,25,19,27,25,39,34,8,20,2,5,22.716939,121.0476642
3,桃園市,34543,市立平興國中,12,11,12,147,160,143,163,154,163,183,165,22,69,4,8,24.9496935,121.2062877
3,桃園市,34544,市立楊明國中,8,7,7,100,101,96,81,102,89,105,93,19,40,1,9,24.9108783,121.1553024
3,桃園市,34545,市立龍興國中,7,8,6,78,70,88,87,79,71,119,92,17,40,3,7,24.937941,121.236078
3,桃園市,34546,市立福豐國中,13,13,14,173,193,165,189,184,181,203,186,34,84,1,11,24.9763815,121.3136515
3,桃園市,34549,市立東安國中,7,6,8,83,81,86,72,105,87,79,89,21,35,0,9,24.916543,121.249509
3,桃園市,34550,市立光明國中,18,21,18,264,238,293,282,272,238,265,216,37,110,3,11,24.1322703,120.6732226
3,桃園市,34551,市立同德國中,18,17,17,240,263,259,245,274,214,246,256,34,106,4,10,25.0156967,121.2935256
3,桃園市,34552,市立幸福國中,5,7,6,55,60,52,70,76,56,63,63,13,38,2,6,24.9880183,121.3319985
3,桃園市,34554,市立大有國中,12,14,12,171,165,202,184,178,156,165,176,30,71,4,7,25.009464,121.3191487
3,桃園市,34555,市立龜山國中,13,14,14,184,139,187,169,173,172,172,162,32,70,2,10,24.9973376,121.3388964
3,桃園市,34556,市立會稽國中,7,7,7,89,74,91,84,89,83,115,82,12,43,0,9,25.0161645,121.3137939
3,桃園市,34557,市立楊光國中(小),7,8,7,77,83,100,112,95,88,82,86,18,38,3,13,24.9065424,121.1685333
3,桃園市,34559,市立迴龍國中(小),3,3,3,19,13,29,22,23,27,32,27,9,17,3,5,25.0194748,121.4050795
3,桃園市,34560,市立平鎮國中,20,19,18,269,301,287,252,257,265,250,252,45,100,1,13,24.9450671,121.2182482
3,桃園市,34561,市立武漢國中,6,6,7,79,78,72,70,100,80,84,77,15,38,3,6,24.8789771,121.2320206
3,桃園市,34562,市立經國國中,8,7,6,121,79,108,57,89,62,67,52,23,38,2,6,25.0217249,121.3039678
3,桃園市,34563,市立過嶺國中,10,11,10,136,114,146,149,142,138,115,131,28,51,2,8,24.9604207,121.1754012
3,桃園市,34564,市立瑞坪國中,8,10,8,104,89,133,120,109,103,112,122,15,53,3,7,24.9070085,121.1806279
3,桃園市,34565,市立青埔國中,12,12,12,190,166,182,189,175,174,161,138,28,64,2,8,25.0110225,121.2059626
4,新竹縣,41303,私立義民高中附設國中部,7,7,7,161,154,166,149,180,130,185,126,0,0,0,0,24.8391368,121.0040633
4,新竹縣,41305,私立忠信高中附設國中部,2,2,1,40,29,38,27,4,4,6,3,0,0,0,0,24.881078,121.001876
4,新竹縣,41306,私立東泰中學附設國中部,1,1,2,12,7,18,15,20,19,32,15,0,0,0,0,24.7115673,121.0983351
4,新竹縣,41307,私立仰德高中附設國中部,5,5,5,116,84,103,94,86,86,121,59,0,0,0,0,24.8815898,121.0051968
4,新竹縣,41401,私立內思高工附設國中部,1,1,1,22,17,14,12,16,19,0,0,0,0,0,0,24.828444,121.0824601
4,新竹縣,41501,私立康乃薾國中(小),4,4,3,60,67,59,72,40,56,42,44,3,20,2,7,24.8053098,121.0361385
4,新竹縣,44311,縣立六家高中附設國中部,6,7,5,81,60,95,92,63,63,46,73,0,0,0,0,24.8210147,121.0318342
4,新竹縣,44320,縣立湖口高中附設國中部,14,15,14,207,201,212,219,181,195,228,189,0,0,0,0,24.8906561,121.0529741
4,新竹縣,44501,縣立竹東國中,10,11,13,137,122,146,120,152,133,130,150,18,79,1,9,24.7360956,121.0870979
4,新竹縣,44502,縣立二重國中,9,9,9,136,132,126,140,144,132,146,115,15,56,1,6,24.764667,121.054678
4,新竹縣,44503,縣立員東國中,2,3,3,17,14,22,23,27,18,24,20,9,18,0,5,24.7071462,121.0973737
4,新竹縣,44504,縣立關西國中,6,6,6,86,63,89,58,90,68,71,65,21,31,2,3,24.7984638,121.1728287
4,新竹縣,44505,縣立石光國中,1,1,1,8,4,21,5,15,6,21,14,7,6,1,3,24.8142928,121.1291033
4,新竹縣,44506,縣立富光國中,3,2,2,21,17,17,14,23,14,24,19,5,20,1,3,24.7798384,121.1801753
4,新竹縣,44507,縣立新埔國中,3,3,5,43,55,53,35,52,56,56,44,8,23,0,5,25.0248193,121.4597107
4,新竹縣,44508,縣立照門國中,1,2,2,9,18,20,13,16,19,23,28,4,10,0,4,24.8491432,121.1132706
4,新竹縣,44509,縣立竹北國中,10,12,12,145,149,171,144,144,168,160,164,20,71,3,9,24.8410731,121.0004545
4,新竹縣,44510,縣立鳳岡國中,3,2,2,31,23,32,23,28,25,35,30,9,16,0,4,24.8638673,120.9663025
4,新竹縣,44512,縣立芎林國中,4,4,5,34,44,50,46,47,37,47,48,6,31,0,6,24.7619639,121.0917444
4,新竹縣,44513,縣立新豐國中,7,6,7,64,67,81,56,67,57,67,69,20,38,2,6,24.9029232,120.991156
4,新竹縣,44514,縣立精華國中,1,1,1,5,7,7,10,9,7,13,6,4,8,1,3,24.9269382,121.0188762
4,新竹縣,44515,縣立橫山國中,2,2,3,22,15,26,12,29,27,24,25,7,19,0,5,24.7182737,121.1461593
4,新竹縣,44516,縣立華山國中,1,2,1,9,10,17,12,9,12,14,6,5,10,0,2,24.7177778,121.1091667
4,新竹縣,44517,縣立寶山國中,3,3,3,20,23,32,14,30,30,22,33,4,22,1,4,24.7644623,120.9908943
4,新竹縣,44518,縣立北埔國中,2,2,2,20,16,15,23,26,24,34,21,2,14,1,3,24.7042857,121.0477338
4,新竹縣,44519,縣立峨眉國中,1,1,1,9,11,16,4,10,3,9,4,4,8,0,4,24.6909542,121.0182791
4,新竹縣,44521,縣立新湖國中,5,6,7,73,62,89,77,102,94,99,97,18,29,1,8,24.9027351,121.0357297
4,新竹縣,44522,縣立中正國中,3,3,3,39,31,42,23,44,41,43,48,2,23,0,5,22.6720999,120.5086289
4,新竹縣,44523,縣立五峰國中,1,1,2,5,9,10,9,10,17,9,10,5,10,1,3,24.632381,121.1191009
4,新竹縣,44524,縣立尖石國中,4,4,3,39,27,38,32,36,39,44,34,11,23,2,3,24.707025,121.2023547
4,新竹縣,44525,縣立忠孝國中,10,10,11,147,141,155,136,154,148,147,141,16,66,1,8,24.8790533,120.9996157
4,新竹縣,44526,縣立博愛國中,10,11,10,149,125,145,150,120,124,128,135,14,69,2,8,24.829963,121.0069528
4,新竹縣,44527,縣立仁愛國中,14,14,14,211,196,204,200,219,175,210,194,24,86,0,14,24.8327902,121.014325
4,新竹縣,44528,縣立自強國中,12,10,12,142,160,141,143,164,138,116,151,17,78,1,10,23.9978564,121.5992803
4,新竹縣,44529,縣立成功國中,24,19,17,361,332,288,258,250,242,261,257,23,128,1,14,24.8188646,121.0173831
4,新竹縣,44530,縣立東興國中,20,22,22,290,254,314,285,331,301,221,211,50,116,3,12,24.8109512,121.0304328
9,雲林縣,94301,縣立斗南高中附設國中部,7,8,8,110,67,105,91,128,104,102,98,0,0,0,0,23.6818742,120.4758371
9,雲林縣,94307,縣立麥寮高中附設國中部,9,10,9,139,88,149,115,136,142,142,129,0,0,0,0,23.7576416,120.2512806
9,雲林縣,94308,縣立古坑華德福實驗高中附設國中部,2,2,2,14,13,20,9,17,8,22,17,0,0,0,0,23.6306774,120.6154051
9,雲林縣,94326,縣立蔦松高中附設國中部,4,4,4,14,50,35,47,26,52,33,44,0,0,0,0,23.5217265,120.2299138
9,雲林縣,94502,縣立東明國中,6,5,5,60,49,64,69,58,50,62,64,15,28,2,6,23.6776016,120.470115
9,雲林縣,94503,縣立大埤國中,4,3,3,34,35,38,39,37,41,48,44,11,19,1,5,23.641869,120.430153
9,雲林縣,94504,縣立飛沙國中,2,2,2,19,18,14,18,14,19,28,25,5,14,3,1,23.6429484,120.1731827
9,雲林縣,94505,縣立四湖國中,1,1,2,10,10,14,13,21,18,16,13,6,10,1,3,23.630123,120.227439
9,雲林縣,94506,縣立水林國中,2,2,3,33,17,24,24,31,32,39,41,9,17,0,6,23.57237,120.248045
9,雲林縣,94508,縣立二崙國中,6,6,6,84,45,86,54,107,57,107,55,17,37,4,4,23.7734882,120.4076915
9,雲林縣,94509,縣立褒忠國中,2,2,2,21,12,20,12,23,18,24,31,9,10,1,3,23.6994368,120.3109085
9,雲林縣,94510,縣立莿桐國中,4,4,4,52,25,39,31,50,52,67,46,12,21,2,5,23.7497516,120.5075965
9,雲林縣,94511,縣立崙背國中,5,7,6,76,63,90,75,99,74,113,71,19,27,1,7,23.7579343,120.3491074
9,雲林縣,94512,縣立古坑國中(小),3,3,4,21,19,35,22,33,20,31,28,7,20,1,7,23.646016,120.566952
9,雲林縣,94513,縣立東勢國中,2,2,3,22,17,26,23,40,33,36,32,10,16,1,4,24.250894,120.832342
9,雲林縣,94514,縣立元長國中,3,3,3,36,32,33,41,41,35,40,41,11,16,1,3,23.645097,120.316927
9,雲林縣,94515,縣立斗六國中,20,20,19,308,313,327,299,277,266,289,272,44,110,2,12,23.7129929,120.5512165
9,雲林縣,94516,縣立雲林國中,7,8,9,96,66,97,90,116,94,120,105,22,44,1,9,23.6998721,120.532683
9,雲林縣,94517,縣立虎尾國中,3,4,3,39,30,48,38,54,39,44,23,13,18,1,5,23.7242456,120.4566637
9,雲林縣,94518,縣立崇德國中,11,13,13,179,151,168,153,186,155,185,153,39,59,1,12,23.715591,120.4176633
9,雲林縣,94519,縣立西螺國中,5,5,6,102,11,113,6,128,5,141,10,25,22,1,8,23.7932286,120.4600875
9,雲林縣,94520,縣立北港國中,5,4,5,56,44,64,52,73,50,64,59,14,23,2,6,23.5657109,120.2991743
9,雲林縣,94521,縣立建國國中,10,11,11,149,142,160,135,150,162,201,166,28,53,6,7,24.9826898,121.3157472
9,雲林縣,94522,縣立宜梧國中,2,2,2,11,17,20,13,21,12,11,8,9,10,1,1,23.547177,120.194823
9,雲林縣,94523,縣立口湖國中,2,2,4,31,20,28,21,47,31,34,28,13,12,1,3,23.5876126,120.1846536
9,雲林縣,94524,縣立臺西國中,3,3,4,48,29,44,36,61,39,55,34,16,17,2,5,23.700932,120.191577
9,雲林縣,94525,縣立土庫國中,8,8,8,97,105,101,102,117,92,116,107,23,38,3,7,23.6863634,120.3885703
9,雲林縣,94527,縣立東和國中,5,4,3,59,32,35,45,53,38,41,54,13,20,0,7,23.6865454,120.5677622
9,雲林縣,94528,縣立馬光國中,4,4,4,67,34,61,33,37,33,66,36,8,27,1,6,23.693844,120.356008
9,雲林縣,94529,縣立石榴國中,2,3,3,29,23,29,30,38,23,42,39,12,10,0,5,23.7231027,120.586746
9,雲林縣,94530,縣立林內國中,3,3,2,23,33,41,24,22,29,24,29,15,11,2,2,23.7559799,120.5936515
9,雲林縣,94543,縣立東仁國中,5,5,5,68,81,80,74,81,71,77,77,12,28,1,4,23.714138,120.440068
9,雲林縣,94544,縣立樟湖生態國中(小),2,2,2,19,14,22,10,13,11,17,11,7,13,3,1,23.6041623,120.6321106
10,嘉義縣,101303,私立同濟高中附設國中部,1,1,1,9,10,16,6,22,7,21,7,0,0,0,0,23.604358,120.473369
10,嘉義縣,101304,私立協同高中附設國中部,10,10,9,234,175,228,189,206,172,216,207,0,0,0,0,23.5321684,120.4367027
10,嘉義縣,104319,縣立竹崎高中附設國中部,7,6,8,75,78,73,79,97,81,73,73,0,0,0,0,23.5211813,120.5530783
10,嘉義縣,104326,縣立永慶高中附設國中部,6,6,6,76,87,89,72,82,75,87,78,0,0,0,0,23.46505,120.294687
10,嘉義縣,104501,縣立朴子國中,8,8,8,27,158,23,177,25,174,18,215,21,41,3,4,23.4613476,120.2390451
10,嘉義縣,104502,縣立東石國中,8,9,8,193,17,165,16,202,12,206,13,19,51,1,8,23.4667656,120.2498381
10,嘉義縣,104503,縣立布袋國中,2,2,2,12,16,19,14,20,22,24,28,8,12,3,1,23.3602515,120.1805791
10,嘉義縣,104504,縣立過溝國中,2,3,2,21,14,33,17,17,22,29,34,11,12,0,4,23.421663,120.182961
10,嘉義縣,104505,縣立大林國中,8,7,7,74,83,80,77,96,86,93,94,20,42,0,7,23.608314,120.4549717
10,嘉義縣,104506,縣立新港國中,9,11,12,114,119,158,143,158,154,185,170,24,60,2,9,23.5578448,120.3431122
10,嘉義縣,104507,縣立民雄國中,12,12,16,142,144,141,159,183,154,207,193,38,68,2,9,23.5569592,120.4202614
10,嘉義縣,104508,縣立大吉國中,4,4,4,50,38,53,39,50,36,52,61,10,27,0,5,23.5151489,120.4871826
10,嘉義縣,104509,縣立六嘉國中,2,3,3,21,24,39,25,30,25,36,35,12,17,2,3,23.5012899,120.2915506
10,嘉義縣,104511,縣立太保國中,4,4,4,37,34,52,32,38,58,41,48,11,23,1,6,23.4549092,120.3292685
10,嘉義縣,104512,縣立嘉新國中,5,5,5,72,38,60,67,73,59,54,60,18,20,1,4,23.5003895,120.3780005
10,嘉義縣,104513,縣立溪口國中,2,2,2,19,12,28,20,12,24,30,20,8,13,0,4,23.605513,120.40348
10,嘉義縣,104514,縣立鹿草國中,3,3,3,32,28,27,29,31,37,40,32,10,15,1,4,23.4092448,120.3133825
10,嘉義縣,104515,縣立東榮國中,2,2,2,20,14,20,8,25,16,25,19,7,13,1,1,23.4618236,120.1731929
10,嘉義縣,104516,縣立水上國中,6,6,7,78,55,73,65,82,62,85,88,14,36,3,3,23.4255767,120.3951298
10,嘉義縣,104517,縣立忠和國中,3,4,5,43,33,51,43,58,47,55,49,14,25,3,4,23.4251557,120.4511236
10,嘉義縣,104518,縣立中埔國中,4,6,6,42,41,52,57,59,50,65,59,13,27,1,6,23.4241818,120.52183
10,嘉義縣,104520,縣立昇平國中,2,2,2,14,20,18,19,23,27,27,27,5,13,1,2,23.4853234,120.5577497
14,臺東縣,144501,縣立新生國中,18,18,19,250,231,270,236,251,248,250,249,49,96,3,10,22.7620417,121.1354095
6,臺中市,64530,市立東華國中,3,3,3,16,22,16,17,27,13,20,22,14,17,3,2,24.2053518,120.8403834
6,臺中市,64531,市立東新國中,3,4,3,12,13,26,15,26,13,23,21,11,24,3,3,24.2629745,120.8296956
10,嘉義縣,104521,縣立義竹國中,5,5,5,44,43,39,49,50,49,63,56,19,26,1,5,23.3419918,120.2504613
10,嘉義縣,104522,縣立民和國中,4,4,4,34,11,22,20,37,14,33,18,13,24,2,4,23.798001,120.9181474
10,嘉義縣,104523,縣立梅山國中,4,4,5,37,38,48,43,46,42,56,40,15,24,1,4,23.5870139,120.5604861
10,嘉義縣,104524,縣立大埔國中(小),1,1,1,8,5,4,5,5,3,4,5,6,6,1,3,23.2943985,120.5916167
10,嘉義縣,104526,縣立阿里山國中(小),1,1,1,3,4,1,3,10,5,7,2,5,8,3,2,23.468368,120.702171
10,嘉義縣,104527,縣立豐山實驗國中(小),1,1,1,3,4,4,2,1,0,2,5,5,6,0,2,23.5760618,120.7499792
11,臺南市,110328,國立南科高級實驗中學附設國中部,9,9,9,119,131,135,115,131,108,114,105,0,0,0,0,23.1060327,120.2922443
11,臺南市,111313,私立南光高中附設國中,7,7,7,147,153,161,136,152,156,171,130,0,0,0,0,23.2981915,120.3148321
11,臺南市,111320,私立港明高中附設國中,12,12,10,326,261,297,243,258,204,265,180,0,0,0,0,23.1189915,120.1952371
11,臺南市,111321,私立興國高中附設國中,6,5,5,118,116,126,94,120,77,147,83,0,0,0,0,23.3128662,120.3223801
11,臺南市,111322,私立明達高中附設國中,2,2,2,32,23,34,33,40,31,38,20,0,0,0,0,23.3105731,120.2746819
11,臺南市,111323,方濟會學校財團法人臺南市黎明高中附設國中部,9,7,8,213,212,176,142,182,159,165,162,0,0,0,0,23.1733109,120.2471809
11,臺南市,111502,私立昭明國中(代用),9,9,9,164,151,163,150,158,149,154,154,26,32,5,4,23.1418954,120.1434133
11,臺南市,113501,市立鹽行國中,5,2,0,84,53,20,26,0,0,0,0,6,12,0,4,23.0475,120.24755
11,臺南市,114306,市立大灣高中附設國中,16,18,17,229,207,268,229,280,195,251,175,0,0,0,0,23.00666,120.2729047
11,臺南市,114307,市立永仁高中附設國中部,8,8,9,74,75,78,74,75,78,84,97,0,0,0,0,23.0036078,120.2402968
11,臺南市,114501,市立仁德國中,9,7,7,93,96,99,84,108,76,131,86,14,47,3,5,22.956055,120.247516
11,臺南市,114502,市立仁德文賢國中,3,3,2,34,32,41,25,27,27,37,23,8,17,0,5,22.9218797,120.2357843
11,臺南市,114503,市立歸仁國中,15,15,16,201,202,226,203,223,209,221,191,37,77,2,10,22.9701939,120.293954
11,臺南市,114504,市立關廟國中,6,6,7,73,83,73,81,73,82,75,85,14,33,1,6,22.9607306,120.3243118
11,臺南市,114505,市立永康國中,16,18,18,193,214,247,238,233,251,227,218,36,98,2,11,23.02773,120.256216
11,臺南市,114508,市立龍崎國中,1,1,1,7,6,10,7,6,9,4,4,6,4,0,4,22.9684964,120.3607674
11,臺南市,114509,市立新化國中,8,10,10,89,88,120,99,130,121,125,123,18,56,1,9,23.033537,120.3122308
11,臺南市,114510,市立善化國中,7,8,8,93,79,103,102,105,100,98,110,15,45,2,5,23.1471128,120.2879407
11,臺南市,114511,市立玉井國中,4,3,3,43,38,51,29,42,35,41,48,8,19,2,4,23.123352,120.47018
11,臺南市,114512,市立山上國中,1,1,1,10,14,10,7,8,6,14,9,7,3,0,4,23.103629,120.357791
11,臺南市,114513,市立安定國中,5,5,5,59,58,75,53,70,64,74,62,16,23,2,5,23.1141906,120.2336254
11,臺南市,114514,市立楠西國中,2,2,2,18,14,19,17,22,23,23,17,9,10,0,4,23.18248,120.4843642
11,臺南市,114515,市立新市國中,8,9,8,98,85,107,99,104,111,101,114,18,46,0,9,23.084143,120.2999431
11,臺南市,114516,市立南化國中,1,1,1,11,12,14,5,12,8,14,13,7,6,0,4,23.0452909,120.4799909
11,臺南市,114517,市立左鎮國中,1,1,1,11,7,15,7,14,9,10,13,5,6,1,2,23.0566892,120.4109154
11,臺南市,114518,市立麻豆國中,8,8,11,99,92,88,98,111,140,115,118,24,54,2,7,23.1834869,120.259972
11,臺南市,114519,市立下營國中,3,3,5,34,36,38,28,59,48,64,44,10,19,0,5,23.2392777,120.2713999
11,臺南市,114520,市立六甲國中,5,5,7,63,55,76,52,76,66,68,68,15,29,1,6,23.2261655,120.3482349
11,臺南市,114521,市立官田國中,2,2,2,13,23,19,24,22,19,33,26,4,12,2,3,23.1889614,120.3155184
11,臺南市,114522,市立大內國中,2,2,2,24,21,20,16,17,20,24,22,10,11,3,4,23.1123431,120.3647741
11,臺南市,114523,市立佳里國中,14,13,15,174,174,182,144,203,218,180,175,37,79,1,10,23.1578538,120.1710495
11,臺南市,114524,市立佳興國中,2,1,2,8,17,14,9,17,10,16,20,6,10,1,2,23.1834162,120.1959339
11,臺南市,114525,市立學甲國中,3,4,5,36,23,42,40,43,28,44,46,11,24,1,6,23.2368236,120.1834372
11,臺南市,114526,市立西港國中,3,3,3,38,31,38,33,40,31,40,51,7,18,2,4,23.1239583,120.2051889
11,臺南市,114527,市立將軍國中,2,2,1,18,13,19,13,13,13,19,15,8,11,0,5,23.2066568,120.1511484
11,臺南市,114528,市立後港國中,0,0,0,0,0,0,0,0,0,3,1,0,0,0,0,23.1885328,120.1347675
11,臺南市,114529,市立竹橋國中,1,1,1,13,11,8,12,13,12,19,13,5,6,1,3,23.1019577,120.1420942
11,臺南市,114530,市立北門國中,1,1,1,9,8,9,11,17,12,16,19,6,6,1,4,23.2528342,120.1290336
11,臺南市,114531,市立南新國中,8,10,11,91,96,87,132,128,111,121,133,27,58,2,7,23.3090172,120.3089612
11,臺南市,114532,市立太子國中,2,3,3,17,15,27,17,42,17,29,15,9,15,2,4,23.291612,120.2712839
11,臺南市,114533,市立新東國中,11,14,14,181,135,196,191,193,209,195,199,29,76,1,10,23.3118343,120.3237308
11,臺南市,114534,市立鹽水國中,2,3,3,21,30,33,36,35,32,23,54,7,13,2,3,23.3218052,120.263352
11,臺南市,114535,市立白河國中,6,4,5,58,52,47,47,56,51,57,64,14,27,1,6,23.361898,120.424179
11,臺南市,114536,市立柳營國中,1,1,1,9,12,7,7,11,9,9,15,6,5,0,4,23.2801034,120.3318393
11,臺南市,114537,市立東山國中,2,2,3,15,11,15,12,19,24,20,18,10,9,0,5,24.1662931,120.7121387
11,臺南市,114538,市立東原國中,2,2,3,20,13,17,14,23,16,28,18,8,13,1,4,23.2726518,120.4522944
14,臺東縣,144507,縣立初鹿國中,2,2,2,11,18,21,15,14,16,18,12,12,11,0,4,22.8493889,121.0921366
19,臺中市,193315,市立東山高中附設國中部,22,21,22,346,335,316,339,320,336,332,289,0,0,0,0,24.1662931,120.7121387
19,臺中市,193316,市立惠文高中附設國中部,10,10,10,174,169,158,172,156,155,163,144,0,0,0,0,24.1516147,120.6397871
19,臺中市,193501,市立居仁國中,23,23,22,332,306,342,334,330,315,352,302,52,129,6,10,24.1370565,120.6788372
19,臺中市,193502,市立雙十國中,9,9,13,97,100,95,128,134,149,111,132,21,60,3,6,24.1531468,120.691521
19,臺中市,193504,市立崇倫國中,10,12,12,118,119,139,106,147,127,158,144,22,62,3,5,24.1319343,120.6575395
19,臺中市,193505,市立大德國中,3,4,5,37,32,41,35,47,42,48,43,8,25,1,7,24.180111,120.669072
19,臺中市,193506,市立北新國中,20,20,19,235,249,275,259,264,222,264,255,48,100,3,10,24.1803955,120.6982701
19,臺中市,193507,市立東峰國中,5,5,5,50,43,67,42,60,41,39,39,18,27,3,4,24.126207,120.6858308
19,臺中市,193508,市立黎明國中,12,12,11,149,134,163,144,163,121,184,139,33,65,0,12,24.155814,120.6322318
19,臺中市,193509,市立光明國中,16,17,16,199,199,214,225,202,230,203,247,37,97,4,9,24.1322703,120.6732226
19,臺中市,193510,市立向上國中,14,14,13,242,185,231,194,197,179,201,168,18,93,4,9,24.143377,120.661945
19,臺中市,193511,市立育英國中,7,10,9,97,61,119,82,113,100,111,109,17,53,2,7,24.1358576,120.6981982
19,臺中市,193512,市立四育國中,6,7,8,88,52,79,69,70,75,89,67,16,37,2,7,24.125529,120.6646223
19,臺中市,193514,市立五權國中,13,14,14,176,167,185,206,186,165,152,146,31,75,1,12,24.1553609,120.679227
19,臺中市,193516,市立中山國中,5,6,6,56,50,66,39,57,41,64,54,13,35,1,7,25.0606103,121.5455307
19,臺中市,193517,市立崇德國中,17,17,17,242,191,222,228,239,233,243,198,38,83,3,9,24.1752046,120.6852771
19,臺中市,193518,市立立人國中,7,7,8,101,72,103,83,99,108,141,113,17,39,2,6,24.1715332,120.66999
19,臺中市,193519,市立漢口國中,9,10,9,107,125,144,115,114,121,164,128,20,57,1,7,24.1617539,120.6571191
19,臺中市,193520,市立安和國中,9,10,11,116,104,128,132,130,112,107,136,25,52,3,4,24.1740334,120.6167303
19,臺中市,193521,市立至善國中,8,9,9,111,86,132,98,131,118,124,98,20,51,1,7,24.1747541,120.6407391
19,臺中市,193522,市立萬和國中,9,9,9,100,98,127,105,127,113,114,105,18,48,2,7,24.1345956,120.6406948
19,臺中市,193523,市立大業國中,18,16,16,299,299,282,290,289,256,252,215,39,84,0,13,24.1538653,120.652153
19,臺中市,193524,市立三光國中,6,6,6,52,72,80,64,65,68,79,73,12,35,1,7,24.1672395,120.6984857
19,臺中市,193525,市立四張犁國中,7,8,6,89,82,120,104,95,86,102,97,16,38,3,4,24.193558,120.677167
19,臺中市,193526,市立福科國中,16,16,15,292,255,277,262,290,269,240,254,34,88,4,9,24.1886941,120.6150045
19,臺中市,193527,市立大墩國中,10,10,10,141,126,148,134,131,109,119,109,24,48,2,6,24.1449417,120.6404242
20,嘉義市,201304,私立興華高中附設國中部,3,4,5,66,42,93,60,119,78,92,68,0,0,0,0,23.4895018,120.4647954
20,嘉義市,201310,私立嘉華高中附設國中部,5,6,4,127,94,125,104,96,80,67,62,0,0,0,0,23.4835895,120.4767061
20,嘉義市,201312,私立輔仁高中附設國中部,5,5,5,128,97,123,79,130,72,158,96,0,0,0,0,23.460557,120.456993
20,嘉義市,201313,私立宏仁女中附設國中部,2,2,2,11,31,11,42,18,45,12,45,0,0,0,0,23.506283,120.445669
20,嘉義市,203501,市立大業國中,4,4,4,51,39,55,48,50,53,61,70,14,24,3,7,24.1538653,120.652153
20,嘉義市,203502,市立北興國中,20,20,19,297,197,300,207,287,215,274,241,48,111,2,13,23.4904837,120.4550717
20,嘉義市,203503,市立嘉義國中,12,12,11,25,245,27,267,18,253,25,295,23,68,2,11,23.4869794,120.4648553
20,嘉義市,203504,市立南興國中,10,10,8,132,101,147,105,100,112,97,115,22,53,3,9,23.4684365,120.4622065
20,嘉義市,203505,市立民生國中,22,23,22,310,284,345,264,315,267,348,281,57,115,1,14,25.0597793,121.5667159
20,嘉義市,203506,市立玉山國中,7,8,7,91,85,110,108,113,100,87,126,17,43,1,10,23.468351,120.4257066
20,嘉義市,203507,市立蘭潭國中,6,7,7,123,22,151,20,164,16,133,20,20,40,1,9,23.4823173,120.4814193
20,嘉義市,203508,市立北園國中,5,5,5,54,59,74,53,58,68,87,67,18,25,2,6,23.4951,120.426786
21,臺南市,211301,私立長榮高中附設國中部,3,2,4,53,26,43,31,75,24,86,33,0,0,0,0,22.9894128,120.2229561
21,臺南市,211304,私立聖功女中附設國中部,6,6,6,0,210,0,244,0,215,0,233,0,0,0,0,23.014844,120.221297
21,臺南市,211310,臺南光華學校財團法人臺南市光華高中附設國中,1,1,1,12,18,9,15,12,12,7,10,0,0,0,0,22.988612,120.21739
21,臺南市,211315,私立瀛海高中附設國中部,7,8,7,197,111,208,131,197,113,196,136,0,0,0,0,23.0350309,120.2113593
21,臺南市,211317,私立崑山高中附設國中部,1,0,1,3,3,0,0,0,2,0,0,0,0,0,0,23.0110042,120.2263303
21,臺南市,211318,私立德光高中附設國中部,9,10,10,206,216,248,218,229,237,236,204,0,0,0,0,22.9798586,120.2214007
21,臺南市,211320,慈濟學校財團法人臺南市私立慈濟高級中學附設國中部,7,6,6,91,91,87,74,87,92,83,82,0,0,0,0,22.987448,120.179471
21,臺南市,213303,市立南寧高中附設國中部,5,5,6,67,58,69,46,69,62,65,63,0,0,0,0,22.935473,120.186614
21,臺南市,213316,市立土城高中附設國中部,3,2,3,25,36,37,16,29,45,63,41,0,0,0,0,23.0574603,120.1505744
21,臺南市,213501,市立後甲國中,25,25,23,406,309,373,311,359,292,309,290,38,120,2,12,22.9958008,120.2244958
21,臺南市,213502,市立忠孝國中,10,10,11,126,128,135,132,163,143,191,118,24,57,0,9,25.051247,121.5082165
21,臺南市,213504,市立大成國中,10,10,11,129,137,139,120,137,133,113,137,19,57,3,6,22.978864,120.197917
21,臺南市,213505,市立金城國中,12,14,13,177,165,208,176,178,170,170,162,27,71,2,10,22.9931701,120.180648
21,臺南市,213506,市立民德國中,23,20,20,358,313,302,273,295,284,314,283,41,113,3,9,23.0054258,120.2053713
21,臺南市,213507,市立成功國中,3,3,3,30,42,33,30,45,35,36,28,6,18,2,2,24.0940491,120.6992732
16,澎湖縣,164511,縣立將澳國中,1,1,1,2,2,1,1,2,0,6,2,4,4,0,1,23.3645475,119.525632
16,澎湖縣,164512,縣立七美國中,1,1,1,2,6,7,11,6,12,7,6,6,7,1,2,23.2058329,119.4295092
16,澎湖縣,164513,縣立文光國中,5,5,6,39,53,54,54,91,53,68,46,22,29,3,5,23.5734785,119.5701621
16,澎湖縣,164514,縣立鳥嶼國中,1,1,1,3,0,0,1,3,3,2,6,5,5,1,0,23.6603469,119.660939
17,基隆市,171306,私立二信高中附設國中部,10,10,10,271,217,237,229,261,196,279,200,0,0,0,0,25.143902,121.771516
17,基隆市,171308,私立聖心高中附設國中部,1,1,1,11,14,14,19,17,15,17,12,0,0,0,0,25.1353145,121.7338675
17,基隆市,173304,市立中山高中附設國中部,5,6,6,45,61,60,57,76,84,75,97,0,0,0,0,22.728652,120.2927492
17,基隆市,173306,市立安樂高中附設國中部,6,6,7,61,85,78,67,70,76,46,66,0,0,0,0,25.1351392,121.7299807
17,基隆市,173307,市立暖暖高中附設國中部,4,4,4,40,32,45,29,45,33,42,23,0,0,0,0,25.1081244,121.737743
17,基隆市,173314,市立八斗高中附設國中部,4,4,5,49,39,41,49,64,37,41,44,0,0,0,0,25.140237,121.7882919
17,基隆市,173501,市立明德國中,8,8,9,71,69,92,80,83,91,102,91,17,53,5,5,25.1081039,121.51852
17,基隆市,173502,市立銘傳國中,14,14,15,186,195,226,171,243,192,213,212,37,81,5,8,25.1236499,121.7502008
17,基隆市,173503,市立信義國中,3,5,5,38,20,41,38,59,43,31,32,5,33,2,7,25.028644,121.567577
17,基隆市,173505,市立中正國中,7,9,7,89,97,103,97,79,87,90,85,21,46,5,6,25.0323588,121.5219754
17,基隆市,173508,市立南榮國中,3,3,3,22,16,19,14,32,20,21,21,10,17,3,3,22.5133707,120.5182968
17,基隆市,173509,市立成功國中,5,4,5,51,51,38,43,45,36,37,50,15,26,2,7,24.0940491,120.6992732
17,基隆市,173510,市立正濱國中,3,3,3,29,21,34,21,32,24,27,8,6,22,2,6,25.146333,121.763026
17,基隆市,173512,市立建德國中,10,11,12,112,100,135,125,153,137,123,144,25,62,6,7,25.1269314,121.7218351
17,基隆市,173513,市立百福國中,7,7,6,70,86,72,90,83,68,60,91,20,33,3,8,25.0834942,121.6987487
17,基隆市,173515,市立碇內國中,5,5,5,45,59,69,70,59,62,72,70,8,33,0,9,25.0960443,121.7489082
17,基隆市,173516,市立武崙國中,10,8,8,133,118,108,85,116,108,99,106,25,47,2,7,25.1377736,121.7062043
18,新竹市,180301,國立科學工業園區高中附設國中部,7,7,7,115,92,115,97,115,105,116,82,0,0,0,0,24.777184,121.016432
18,新竹市,181305,私立光復高中附設國中部,3,3,3,78,38,56,31,55,46,56,29,0,0,0,0,24.7983869,120.9940563
18,新竹市,181306,私立曙光女中附設國中部,8,8,8,187,207,146,205,150,191,157,214,0,0,0,0,24.812185,120.971485
18,新竹市,181307,私立磐石高中附設國中部,4,4,3,80,53,82,61,63,47,71,47,0,0,0,0,24.8108193,120.9570734
18,新竹市,181502,私立新竹市康橋國中(小),3,3,3,51,45,49,45,38,46,39,33,5,17,1,7,24.768817,120.966208
18,新竹市,183306,市立成德高中附設國中部,4,4,5,54,17,65,33,54,39,79,33,0,0,0,0,24.7909191,120.953335
18,新竹市,183307,市立香山高中附設國中部,8,9,6,97,92,114,98,98,84,95,88,0,0,0,0,24.785165,120.930349
18,新竹市,183313,市立建功高中附設國中部,16,16,13,255,196,239,227,185,177,131,141,0,0,0,0,24.7978951,121.0023113
18,新竹市,183501,市立建華國中,7,8,9,88,94,99,91,100,104,70,99,13,55,0,9,24.7941131,120.9766922
18,新竹市,183502,市立培英國中,27,27,25,407,359,447,341,374,351,478,397,42,158,2,14,24.7943201,120.9781373
18,新竹市,183503,市立光華國中,18,22,19,242,226,315,260,282,249,271,245,39,112,0,15,22.611216,120.3224586
18,新竹市,183504,市立育賢國中,11,12,13,142,143,143,168,122,160,134,123,25,81,1,8,24.7901418,120.9656076
18,新竹市,183505,市立光武國中,15,14,14,205,192,242,156,216,175,214,191,32,82,4,7,24.7859447,121.0117449
18,新竹市,183508,市立南華國中,4,5,5,48,36,61,42,50,45,49,37,6,28,2,5,24.8440256,120.9273741
18,新竹市,183509,市立富禮國中,3,3,3,24,24,15,20,26,20,19,19,6,20,2,5,24.7644537,120.9127969
18,新竹市,183510,市立三民國中,27,26,24,359,377,405,335,363,332,317,270,42,129,2,13,22.6465942,120.3071577
18,新竹市,183511,市立內湖國中,2,3,3,13,26,27,26,30,23,26,25,7,15,0,8,25.077035,121.5886895
18,新竹市,183512,市立虎林國中,6,5,5,67,58,65,49,59,47,53,59,14,30,1,8,24.8052619,120.9419437
18,新竹市,183514,市立新科國中,6,6,5,88,69,75,54,66,55,71,61,10,34,1,6,24.7802671,121.0241642
18,新竹市,183515,市立竹光國中,12,12,12,183,158,183,166,157,169,167,163,25,68,1,8,24.8072882,120.9555983
18,新竹市,183516,市立華德福實驗國中(小),1,1,1,13,4,3,9,6,5,0,0,3,6,0,2,24.9242653,121.1830101
19,臺中市,191301,私立東大附屬實驗高中附設國中部,6,6,7,127,109,136,128,158,129,143,133,0,0,0,0,24.182282,120.6055347
19,臺中市,191302,私立葳格高中附設國中部,4,4,4,73,62,56,71,46,46,39,37,0,0,0,0,24.1785854,120.711852
19,臺中市,191305,私立新民高中附設國中部,6,6,6,105,126,121,109,111,107,106,100,0,0,0,0,24.1586929,120.685906
19,臺中市,191309,私立明德高中附設國中部,6,5,5,115,113,103,83,92,83,75,66,0,0,0,0,24.120318,120.683671
19,臺中市,191311,私立衛道高中附設國中部,17,17,17,583,242,589,232,595,224,609,209,0,0,0,0,24.1830032,120.6750442
19,臺中市,191313,私立曉明女中附設國中部,10,10,10,0,495,0,495,0,492,0,494,0,0,0,0,24.168102,120.673388
19,臺中市,191314,私立嶺東高中附設國中部,4,4,4,72,61,69,60,67,53,79,68,0,0,0,0,24.138096,120.610281
19,臺中市,191315,私立磊川華德福實驗教育學校國中部,1,1,1,11,12,13,9,13,8,11,7,0,0,0,0,24.1804983,120.713242
19,臺中市,191503,私立麗喆國中(小),2,2,1,19,20,25,17,13,7,12,9,8,5,5,6,24.1947933,120.6138543
19,臺中市,193303,市立忠明高中附設國中部,11,11,11,150,143,158,149,179,149,161,128,0,0,0,0,24.1589341,120.6636692
19,臺中市,193313,市立西苑高中附設國中部,16,17,17,241,188,261,207,233,223,207,203,0,0,0,0,24.186534,120.64181
21,臺南市,213508,市立延平國中,3,2,3,21,27,33,23,30,19,32,35,4,20,2,4,23.0093658,120.2105446
21,臺南市,213509,市立建興國中,19,19,21,300,247,294,243,346,252,321,221,41,103,3,10,22.9892383,120.203141
21,臺南市,213510,市立中山國中,15,15,13,165,241,193,218,144,185,152,195,26,67,4,5,25.0606103,121.5455307
21,臺南市,213511,市立安平國中,11,11,11,143,132,163,139,150,151,157,153,26,55,0,9,22.99757,120.1683654
21,臺南市,213512,市立安南國中,16,17,14,226,213,230,255,182,218,182,189,32,78,1,8,23.0485084,120.1780251
21,臺南市,213513,市立安順國中,8,9,8,113,93,126,93,108,95,124,94,21,42,1,7,23.0496474,120.2185004
21,臺南市,213514,市立復興國中,38,35,32,585,508,551,459,479,429,445,404,58,156,1,15,22.982395,120.240143
21,臺南市,213515,市立新興國中,5,5,6,49,45,67,52,63,56,84,73,16,31,0,7,25.061983,121.525792
21,臺南市,213517,市立文賢國中,5,6,6,66,49,78,77,96,73,98,93,10,34,1,6,23.005616,120.1962944
21,臺南市,213518,市立崇明國中,18,19,20,282,227,265,246,276,245,255,236,33,107,3,10,22.9697789,120.2255075
21,臺南市,213519,市立和順國中,9,9,9,117,112,120,119,115,118,138,115,19,53,3,6,23.0664775,120.2209457
21,臺南市,213520,市立海佃國中,8,11,11,110,106,162,150,148,173,181,154,20,48,2,7,23.027696,120.198995
21,臺南市,213521,市立九份子國中(小),4,0,0,42,56,0,0,0,0,0,0,4,8,2,4,23.0204748,120.1814906
30,臺北市,311401,私立普林思頓高中附設國中部,1,0,0,1,0,0,0,0,0,0,0,0,0,0,0,25.0329636,121.5654268
30,臺北市,313301,市立西松高中附設國中部,2,2,2,32,23,33,24,30,30,34,25,0,0,0,0,25.0553554,121.5671134
30,臺北市,313302,市立中崙高中附設國中部,7,7,7,78,82,90,86,83,100,68,94,0,0,0,0,25.0487115,121.5611909
30,臺北市,313501,市立介壽國中,21,21,21,318,305,330,319,327,274,344,291,40,124,3,20,25.0564253,121.5564352
30,臺北市,313502,市立民生國中,8,8,8,113,110,120,117,107,86,123,107,17,52,5,9,25.0597793,121.5667159
30,臺北市,313504,市立中山國中,8,8,8,97,99,119,103,106,102,115,112,17,49,2,12,25.0606103,121.5455307
30,臺北市,313505,市立敦化國中,23,23,24,347,332,398,352,354,320,322,298,49,127,3,21,25.051541,121.546707
30,臺北市,323502,市立興雅國中,16,15,16,232,186,219,221,214,231,191,175,43,85,5,13,25.0364201,121.572237
30,臺北市,323503,市立永吉國中,5,5,6,68,65,61,65,71,55,76,78,16,42,0,14,25.0483137,121.5740947
30,臺北市,323504,市立瑠公國中,6,6,7,84,69,72,83,72,70,76,69,17,38,2,11,25.037088,121.585339
30,臺北市,323505,市立信義國中,10,10,10,112,96,136,94,128,97,131,119,28,57,6,11,25.028644,121.567577
30,臺北市,330301,國立師大附中,7,7,7,98,99,105,101,109,91,103,91,0,0,0,0,25.0336592,121.5404218
30,臺北市,331301,私立延平中學附設國中部,11,11,11,297,190,314,181,295,195,282,160,0,0,0,0,25.0363216,121.5384679
30,臺北市,331304,私立復興高中(國中),7,8,8,154,162,193,167,160,167,169,146,0,0,0,0,25.0394418,121.5484403
30,臺北市,331502,私立立人國中(小),2,1,1,21,22,18,16,14,5,8,7,5,7,2,5,25.0298352,121.5519283
30,臺北市,333301,市立和平高中附設國中部,6,6,6,92,83,103,77,87,91,84,68,0,0,0,0,25.0196314,121.5491522
30,臺北市,333304,市立芳和實驗中學附設國中部,3,5,4,35,21,50,33,40,32,52,42,0,0,0,0,25.0329636,121.5654268
30,臺北市,333501,市立仁愛國中,20,20,20,269,302,267,292,275,263,257,231,38,119,2,21,25.0374998,121.5506358
30,臺北市,333502,市立大安國中,14,14,14,227,142,222,186,232,163,170,155,28,79,3,15,25.030845,121.54617
30,臺北市,333505,市立金華國中,26,25,27,411,359,407,385,417,355,357,371,51,145,3,23,25.0312012,121.533178
30,臺北市,333506,市立懷生國中,4,4,4,61,57,60,59,41,44,44,48,7,31,1,12,25.0403791,121.5412362
30,臺北市,333507,市立民族實驗國中,4,4,4,43,38,41,42,43,39,63,42,15,23,2,10,25.0111994,121.5388404
30,臺北市,333508,市立龍門國中,15,15,17,221,219,250,197,297,237,268,219,25,98,2,17,25.0244738,121.5387036
30,臺北市,343302,市立大同高中附設國中部,7,7,7,97,107,100,89,96,116,99,93,0,0,0,0,25.0550217,121.5352723
30,臺北市,343303,市立大直高中附設國中部,9,9,9,135,99,124,123,132,121,130,125,0,0,0,0,25.07886,121.543375
30,臺北市,343502,市立長安國中,6,6,7,86,71,93,72,87,59,67,66,16,41,1,13,25.0495458,121.5319569
30,臺北市,343504,市立北安國中,6,6,6,63,73,60,74,64,67,56,71,11,42,1,12,25.0777783,121.5415678
30,臺北市,343505,市立新興國中,4,4,4,59,32,59,35,40,38,41,29,12,28,4,9,25.061983,121.525792
30,臺北市,343506,市立五常國中,4,5,5,38,52,47,56,56,43,41,54,13,34,3,9,25.0634804,121.543251
30,臺北市,343507,市立濱江實驗國中,4,4,3,46,40,45,40,40,34,26,28,13,24,3,7,25.07955,121.5607499
30,臺北市,353501,市立螢橋國中,5,6,5,93,69,79,82,83,70,80,67,17,34,1,11,25.0246447,121.5109581
30,臺北市,353502,市立古亭國中,6,6,6,66,76,81,79,63,80,59,65,15,41,1,12,25.0246447,121.5109581
30,臺北市,353503,市立南門國中,16,17,17,228,214,238,256,260,227,252,222,31,102,1,19,25.0340713,121.508985
30,臺北市,353504,市立弘道國中,14,14,14,218,184,212,195,205,185,200,157,31,81,4,15,25.0374875,121.5152934
30,臺北市,353505,市立中正國中,22,22,23,406,350,402,345,398,361,405,372,37,132,4,19,25.0323588,121.5219754
30,臺北市,361301,私立靜修高中附設國中部,3,4,4,45,73,42,79,33,60,18,73,0,0,0,0,25.057931,121.5154866
30,臺北市,363302,市立成淵高中附設國中部,10,10,10,164,133,173,153,172,118,165,119,0,0,0,0,25.0614213,121.5185204
30,臺北市,363501,市立建成國中,7,7,7,89,92,94,87,92,92,78,88,20,38,1,13,25.0516653,121.5186171
30,臺北市,363502,市立忠孝國中,6,6,6,71,84,97,76,100,76,89,64,21,35,3,11,25.051247,121.5082165
30,臺北市,363504,市立民權國中,9,8,9,113,122,113,118,124,113,111,116,24,51,1,13,25.0637369,121.5138782
30,臺北市,363506,市立蘭州國中,3,3,3,64,36,49,46,38,28,36,34,6,25,2,9,25.069322,121.516736
30,臺北市,363507,市立重慶國中,7,8,9,70,46,87,71,102,62,99,71,17,52,2,11,25.0759168,121.5180299
30,臺北市,373302,市立大理高中附設國中部,4,4,4,48,36,54,25,60,49,63,36,0,0,0,0,25.0308614,121.4912045
30,臺北市,373501,市立萬華國中,12,13,14,120,98,130,121,179,161,146,118,28,81,4,13,25.0291201,121.4990359
30,臺北市,373503,市立雙園國中,4,4,5,20,36,30,44,22,44,17,48,12,30,1,12,25.0275539,121.4926458
30,臺北市,373505,市立龍山國中,8,8,8,81,77,113,88,79,65,78,86,19,49,0,14,25.0360766,121.504618
30,臺北市,380301,國立政大附中,5,5,5,77,76,57,91,74,69,67,74,0,0,0,0,24.9871265,121.5858355
30,臺北市,381301,私立東山中學附設國中部,14,14,13,367,252,384,256,352,217,332,184,0,0,0,0,24.9733741,121.5615447
30,臺北市,381304,私立再興中學附設國中部,8,8,8,200,166,204,153,185,167,212,137,0,0,0,0,24.9904136,121.5591612
30,臺北市,381305,私立景文高中附設國中部,4,4,5,62,52,73,48,86,49,74,60,0,0,0,0,24.985367,121.567397
30,臺北市,381306,私立靜心高中附設國中部,6,6,6,138,138,135,130,129,133,142,121,0,0,0,0,24.9988631,121.5467337
30,臺北市,383302,市立萬芳高中附設國中部,7,7,8,53,63,75,79,76,80,102,96,0,0,0,0,25.0006248,121.5589135
30,臺北市,383501,市立木柵國中,6,6,6,68,61,75,98,82,72,66,70,17,39,2,12,24.98752,121.5676113
30,臺北市,383502,市立實踐國中,8,9,9,128,113,118,133,134,123,114,102,12,63,4,11,24.9834041,121.554857
30,臺北市,383503,市立北政國中,4,4,4,46,47,55,44,59,55,56,34,9,28,2,11,24.9845598,121.5779958
30,臺北市,383504,市立景美國中,13,12,13,162,198,204,176,197,169,224,205,36,68,2,17,24.9931712,121.5429395
30,臺北市,383505,市立興福國中,3,3,3,31,10,36,12,35,22,39,16,9,21,1,8,25.0049365,121.5500586
30,臺北市,383507,市立景興國中,14,14,14,220,201,242,179,228,201,219,222,28,86,2,18,24.9962215,121.5442841
30,臺北市,393301,市立南港高中附設國中部,9,10,10,118,104,134,117,118,90,120,103,0,0,0,0,25.0524116,121.5950264
30,臺北市,393501,市立誠正國中,11,11,11,132,117,138,124,122,112,118,105,34,60,3,13,25.054232,121.618819
30,臺北市,393503,市立成德國中,5,4,5,47,43,53,59,57,42,61,37,16,27,12,1,25.0449417,121.5876777
30,臺北市,400144,國立臺灣戲曲學院(國中),5,5,5,27,41,20,56,31,64,29,48,0,0,0,0,25.0819234,121.586525
30,臺北市,401302,私立方濟中學附設國中部,3,3,2,38,10,43,7,53,11,50,9,0,0,0,0,25.0773094,121.5905296
30,臺北市,401303,私立達人女中附設國中部,5,5,5,0,137,0,177,0,163,0,185,0,0,0,0,25.0812081,121.5876596
30,臺北市,403501,市立內湖國中,10,10,11,127,102,135,112,116,108,98,114,28,64,4,13,25.077035,121.5886895
30,臺北市,403502,市立麗山國中,20,20,21,345,271,330,295,325,312,316,252,34,126,3,20,25.0816165,121.5756877
30,臺北市,403503,市立三民國中,6,6,6,91,77,81,77,62,68,79,58,18,38,3,11,22.6465942,120.3071577
30,臺北市,403504,市立西湖國中,3,4,4,42,15,48,25,47,27,39,24,11,24,3,10,25.0854627,121.5660775
30,臺北市,403505,市立東湖國中,11,12,13,188,146,172,128,186,169,158,161,22,78,1,18,25.0721649,121.6194218
30,臺北市,403506,市立明湖國中,19,19,20,305,269,326,283,291,310,286,265,42,111,2,19,25.0706196,121.6106431
30,臺北市,411301,私立泰北高中附設國中部,1,1,1,8,5,9,8,12,10,13,9,0,0,0,0,25.097375,121.533898
30,臺北市,411302,私立衛理女中附設國中部,7,7,6,0,280,0,277,0,261,0,243,0,0,0,0,25.1017466,121.5523894
30,臺北市,411303,私立華興中學附設國中部,7,7,7,197,114,190,107,191,95,182,108,0,0,0,0,25.1050855,121.5385223
30,臺北市,413301,市立陽明高中,6,6,6,98,80,88,90,74,87,100,89,0,0,0,0,25.0922121,121.5172424
30,臺北市,413302,市立百齡高中,10,10,12,124,129,113,121,134,121,156,138,0,0,0,0,25.0870549,121.5229998
30,臺北市,413501,市立士林國中,8,8,9,94,69,104,94,113,96,121,97,21,50,1,13,25.0944084,121.5226286
30,臺北市,413502,市立蘭雅國中,15,14,15,224,177,205,183,171,184,186,181,30,90,3,17,25.110605,121.530897
30,臺北市,413504,市立至善國中,3,3,3,30,17,31,14,31,14,25,13,12,19,1,10,24.1747541,120.6407391
30,臺北市,413505,市立格致國中,2,2,2,18,19,7,9,10,23,17,13,10,14,5,6,25.1308499,121.546354
30,臺北市,413506,市立福安國中,3,4,3,23,20,29,24,21,25,29,15,16,18,5,6,25.1032614,121.4878824
30,臺北市,413508,市立天母國中,17,17,18,201,176,255,222,241,230,249,206,37,98,5,16,25.1180479,121.5381925
30,臺北市,421301,私立薇閣高中附設國中部,14,13,13,342,326,315,295,308,277,307,250,0,0,0,0,25.1395247,121.5039712
30,臺北市,421302,私立幼華高中附設國中部,4,4,3,78,51,67,48,39,53,0,0,0,0,0,0,25.1334354,121.4968537
30,臺北市,421303,私立奎山實驗高中附設國中部,2,2,2,29,28,22,19,25,26,27,26,0,0,0,0,25.112998,121.5223028
30,臺北市,423501,市立北投國中,10,11,12,88,83,91,119,103,101,123,113,33,63,1,16,25.134874,121.504529
30,臺北市,423502,市立新民國中,4,4,4,43,28,34,34,49,39,52,24,13,25,1,12,25.1382345,121.5063989
30,臺北市,423503,市立明德國中,12,12,11,195,141,188,150,158,161,155,132,25,76,1,18,25.1081039,121.51852
30,臺北市,423504,市立桃源國中,5,5,4,61,38,54,42,44,57,68,51,15,29,2,11,25.1347115,121.477338
30,臺北市,423505,市立石牌國中,27,27,28,432,396,411,425,427,378,409,396,54,149,6,19,25.1149914,121.5141752
30,臺北市,423506,市立關渡國中,3,3,3,35,35,26,33,47,32,41,46,13,18,2,8,25.1198994,121.4671378
50,高雄市,513501,市立鹽埕國中,5,6,6,53,67,91,68,76,82,66,79,15,38,3,6,22.62268,120.288063
50,高雄市,521301,私立明誠高中附設國中部,4,3,4,71,71,52,51,59,60,65,51,0,0,0,0,22.666246,120.292014
50,高雄市,521303,私立大榮高中附設國中部,2,2,2,26,13,24,17,17,16,20,13,0,0,0,0,22.6535429,120.2801989
50,高雄市,523301,市立鼓山高中附設國中部,5,5,6,73,73,78,64,54,60,73,62,0,0,0,0,22.6520055,120.2747089
50,高雄市,523502,市立壽山國中,3,3,4,24,24,29,34,45,37,34,48,12,18,2,5,22.6331988,120.2784858
50,高雄市,523503,市立明華國中,18,18,18,300,292,304,286,323,262,282,293,35,95,3,10,22.6619921,120.3011808
50,高雄市,523504,市立七賢國中,16,16,16,263,223,210,216,247,230,233,188,35,85,1,12,22.6582398,120.2893006
50,高雄市,533501,市立左營國中,21,22,22,288,285,292,296,290,317,304,288,46,114,3,13,22.6789832,120.3065701
50,高雄市,533502,市立大義國中,5,5,6,38,44,55,36,55,52,63,51,13,34,2,7,22.6744924,120.2926403
50,高雄市,533503,市立立德國中,4,4,4,33,24,30,32,33,34,50,40,12,19,2,5,22.6902706,120.2911296
50,高雄市,533504,市立龍華國中,18,20,21,257,243,300,274,308,277,314,296,29,118,3,14,22.6582679,120.3090667
50,高雄市,533505,市立福山國中,23,22,23,329,315,351,281,342,325,342,333,43,121,3,14,22.6810596,120.3147648
50,高雄市,533506,市立文府國中,9,9,8,129,110,127,119,111,112,116,100,24,42,4,5,22.6916224,120.316639
50,高雄市,540301,國立中山大學附屬國光高中,6,6,6,104,76,88,92,95,85,87,90,0,0,0,0,22.7082782,120.3050243
50,高雄市,543501,市立楠梓國中,19,20,19,297,270,276,296,290,267,306,253,41,101,4,11,22.7352521,120.3273655
50,高雄市,543502,市立右昌國中,11,12,12,173,107,167,156,150,158,178,138,39,56,0,12,22.713857,120.2866439
50,高雄市,543503,市立後勁國中,7,7,6,77,76,85,70,69,60,73,75,11,44,3,6,22.7224362,120.3160079
50,高雄市,543504,市立國昌國中,19,18,19,293,276,287,291,295,248,283,293,38,98,2,13,22.7190654,120.2855881
50,高雄市,543505,市立翠屏國中(小),4,4,4,43,53,49,32,35,43,41,39,13,23,4,6,22.7287207,120.2993544
50,高雄市,551301,私立立志高中附設國中部,6,6,6,98,91,125,99,98,76,105,67,0,0,0,0,22.6533576,120.3264762
50,高雄市,551303,私立南海月光實驗教育學校國中部,1,1,1,0,9,0,12,0,4,0,3,0,0,0,0,22.6350591,120.3355193
50,高雄市,553501,市立鼎金國中,8,8,9,92,77,86,87,92,124,90,92,17,49,1,7,22.6557272,120.3206134
50,高雄市,553502,市立三民國中,11,12,11,138,156,141,180,137,144,156,181,29,72,3,8,22.6465942,120.3071577
50,高雄市,553503,市立民族國中,7,8,9,74,64,86,60,92,87,104,92,14,61,4,5,25.0111994,121.5388404
50,高雄市,553504,市立陽明國中,31,31,31,453,452,484,405,497,453,422,427,56,166,5,15,22.6430211,120.3403786
50,高雄市,553505,市立正興國中,17,17,17,248,235,252,226,264,214,265,226,34,96,2,13,22.6440037,120.3202613
50,高雄市,563301,市立新興高中附設國中部,6,6,7,52,69,76,73,92,89,73,101,0,0,0,0,22.6243825,120.3041272
50,高雄市,573501,市立前金國中,7,7,6,69,54,92,60,76,51,80,53,19,41,3,5,22.6295108,120.2907275
50,高雄市,580301,國立高師附中附設國中部,4,4,4,70,44,64,50,55,62,59,58,0,0,0,0,22.6260694,120.3222549
50,高雄市,581301,私立復華高中附設國中部,5,5,5,115,85,117,82,125,71,103,55,0,0,0,0,22.621182,120.313424
50,高雄市,581302,私立道明中學附設國中部,10,11,12,179,192,217,198,219,205,199,173,0,0,0,0,22.6338273,120.3228343
50,高雄市,583301,市立中正高中附設國中部,7,8,7,71,91,95,94,96,76,92,115,0,0,0,0,22.6264157,120.3387528
50,高雄市,583501,市立苓雅國中,5,7,7,54,80,88,96,82,92,78,102,11,44,2,8,22.618865,120.3062227
50,高雄市,583502,市立五福國中,28,28,28,467,392,484,422,405,411,408,369,42,155,2,15,22.6290226,120.3170276
50,高雄市,583503,市立大仁國中,6,5,6,52,41,49,47,59,40,65,35,14,37,2,6,22.6328466,120.3295691
50,高雄市,583505,市立英明國中,9,8,7,114,77,112,79,85,65,106,85,17,51,4,6,22.6152283,120.3245424
50,高雄市,593302,市立瑞祥高中附設國中部,15,16,16,184,209,205,231,234,207,223,222,0,0,0,0,22.6016779,120.3248846
50,高雄市,593501,市立獅甲國中,4,4,5,57,36,46,56,48,45,49,62,12,26,2,6,22.6051402,120.3082764
50,高雄市,593502,市立前鎮國中,8,7,7,85,108,82,91,97,82,82,87,17,42,1,9,22.5826842,120.3209996
50,高雄市,593503,市立瑞豐國中,4,4,5,51,28,54,37,57,55,57,50,8,28,2,6,22.6111245,120.3313247
50,高雄市,593504,市立光華國中,11,11,12,134,146,162,149,175,161,153,133,23,76,3,9,22.611216,120.3224586
50,高雄市,593505,市立興仁國中,2,1,2,15,12,12,6,17,12,16,19,7,11,0,7,22.5861529,120.313349
50,高雄市,603501,市立旗津國中,3,4,4,35,34,47,36,60,45,59,47,12,21,1,5,22.5892428,120.2867117
50,高雄市,610405,國立高雄餐旅大學附屬餐旅高中附設國中部,3,3,3,28,63,39,50,40,49,27,62,0,0,0,0,22.566209,120.371733
50,高雄市,613501,市立小港國中,12,14,13,161,150,202,175,188,154,176,154,28,72,4,5,22.5662551,120.3384083
50,高雄市,613502,市立鳳林國中,3,3,4,33,23,32,25,27,37,37,39,11,21,1,5,23.7444815,121.4489814
50,高雄市,613503,市立中山國中,17,17,17,239,220,256,237,258,242,284,264,42,86,5,9,25.0606103,121.5455307
50,高雄市,613504,市立明義國中,13,12,12,169,154,164,146,169,154,152,141,26,71,3,9,22.5818301,120.3689451
71,金門縣,714501,縣立金城國中,12,11,11,126,149,150,123,159,121,134,142,46,54,7,7,24.4314362,118.3129128
71,金門縣,714502,縣立金湖國中,6,6,7,84,72,77,70,89,64,80,71,24,34,7,5,24.4368176,118.4222112
71,金門縣,714503,縣立金寧國中(小),4,4,3,43,41,54,34,47,29,29,35,16,18,2,8,24.457112,118.327566
71,金門縣,714504,縣立金沙國中,4,4,4,37,33,46,34,43,40,45,32,18,21,2,6,24.4900719,118.4151699
71,金門縣,714505,縣立烈嶼國中,2,2,2,20,16,13,15,20,22,11,16,12,12,3,4,24.4302929,118.2420983
72,連江縣,724501,縣立介壽國中(小),2,2,2,29,15,19,13,13,14,26,16,9,10,4,4,26.1605191,119.9500716
72,連江縣,724502,縣立中正國中(小),1,1,1,10,10,11,10,8,17,9,7,8,6,2,3,22.6720999,120.5086289
72,連江縣,724503,縣立中山國中,1,1,1,7,3,4,10,8,5,11,6,4,10,3,2,26.2242954,119.9806588
72,連江縣,724504,縣立敬恆國中(小),1,1,1,2,2,2,2,5,3,2,7,4,6,1,4,25.9706323,119.9336772
72,連江縣,724505,縣立東引國中(小),1,1,1,4,2,4,3,7,5,7,3,8,4,2,3,26.3680983,120.4885787
