縣市代碼,縣市名稱,學校代碼,學校名稱,專任教師數男,專任教師數女,兼任教師數男,兼任教師數女,職員數男,職員數女,班級數,學生數男,學生數女,上學年畢業生數男,上學年畢業生數女,lat,lng
30,臺北市,400144,國立臺灣戲曲學院附設高職部,30,39,0,0,0,0,21,129,252,48,83,25.0819234,121.586525
14,臺東縣,140222,國立臺東專科學校附設高職部,34,36,0,0,7,4,36,538,219,142,75,22.7579117,121.1243815
1,新北市,10301,國立華僑高級中等學校,49,84,4,3,7,19,48,703,800,154,268,25.0075,121.4477778
1,新北市,11301,私立淡江高中,33,67,0,0,7,10,28,450,465,162,210,25.1762507,121.437164
1,新北市,11302,私立康橋高中,24,24,0,0,4,1,21,410,431,142,125,24.9120394,121.4958652
1,新北市,11306,私立金陵女中,26,76,2,5,2,21,18,0,732,0,257,25.04299,121.466942
1,新北市,11307,新北市裕德高級中等學校,17,45,0,0,5,20,9,88,70,12,13,24.9830118,121.4394801
1,新北市,11309,財團法人南山高中,102,115,6,13,10,23,36,941,696,335,212,25.0016594,121.5036507
1,新北市,11310,財團法人恆毅高中,31,47,2,3,5,16,19,619,317,120,92,25.0366541,121.4537324
1,新北市,11311,私立聖心女中,13,39,6,9,2,13,9,0,365,0,126,25.13562,121.449122
1,新北市,11312,私立崇義高中,6,2,4,3,8,3,10,114,21,32,14,25.077429,121.669969
1,新北市,11314,財團法人中華高中,4,1,0,0,3,5,4,67,15,83,26,24.975578,121.4374135
1,新北市,11315,私立東海高中,13,19,19,5,5,11,21,450,129,219,50,25.0647366,121.4788449
1,新北市,11316,私立格致高中,45,38,3,3,6,12,30,452,284,180,77,25.0738323,121.4886747
1,新北市,11317,私立醒吾高中,17,18,5,13,3,12,24,274,288,117,153,25.079564,121.395793
1,新北市,11318,私立徐匯高中,11,23,0,0,3,8,6,237,0,106,0,25.080107,121.480124
1,新北市,11322,新北市崇光高中,14,62,0,0,2,16,12,3,462,0,160,24.9718753,121.538946
1,新北市,11323,私立光仁高中,35,53,7,15,9,14,17,349,299,124,110,25.0183052,121.4764718
1,新北市,11324,私立竹林高中,58,61,4,9,4,15,30,576,436,164,161,24.9799565,121.5057743
1,新北市,11325,私立及人高中,7,13,8,2,4,9,4,75,32,37,23,24.966799,121.51489
1,新北市,11329,財團法人辭修高中,17,44,0,1,21,23,11,254,195,102,64,24.932696,121.407931
1,新北市,11330,新北市林口康橋國際高中,38,42,0,0,15,31,15,252,247,42,49,25.0741868,121.389928
1,新北市,11399,私立時雨高中,47,31,0,0,7,14,15,409,218,128,82,25.1095045,121.8552909
1,新北市,13303,市立泰山高中,83,80,0,0,15,16,69,1554,589,335,163,25.057789,121.429729
1,新北市,13304,市立板橋高中,48,92,10,11,2,19,60,1135,1083,374,367,25.012041,121.4590137
1,新北市,13335,市立新店高中,37,85,5,15,2,17,51,895,904,249,296,24.975506,121.532082
1,新北市,13336,市立中和高中,40,85,0,0,5,14,54,1096,833,306,265,24.994112,121.478471
1,新北市,13337,市立新莊高中,53,80,0,0,5,13,57,1044,999,324,328,22.6813675,120.3175826
1,新北市,13338,市立新北高中,42,70,3,5,7,13,51,942,868,252,299,25.0874536,121.489796
1,新北市,13339,市立林口高中,46,59,0,0,2,16,45,783,765,197,257,25.0732029,121.3805242
1,新北市,14302,市立海山高中,84,191,0,0,3,18,33,655,519,194,186,25.0096689,121.4712073
1,新北市,14311,市立三重高中,47,111,6,4,2,15,42,648,713,194,233,25.054741,121.4914967
1,新北市,14315,市立永平高中,44,109,4,2,5,13,36,593,628,165,215,25.0105828,121.5083843
1,新北市,14322,市立樹林高中,62,138,0,0,8,16,48,633,733,158,243,24.9829633,121.4223883
1,新北市,14326,市立明德高中,67,99,4,2,7,15,36,587,543,116,172,24.9038379,121.365725
1,新北市,14332,市立秀峰高中,58,116,9,7,6,11,33,441,483,123,150,25.0657829,121.6608704
1,新北市,14338,市立金山高中,35,59,0,0,6,11,19,195,203,57,76,25.224676,121.637008
1,新北市,14343,市立安康高中,50,100,0,0,5,14,33,471,536,139,173,24.9694528,121.5153
1,新北市,14347,市立雙溪高中,22,45,0,0,2,11,15,141,129,27,24,25.0349052,121.8632554
1,新北市,14348,市立石碇高中,29,43,0,0,4,7,18,231,227,46,67,25.0141303,121.6429468
1,新北市,14353,市立丹鳳高中,78,157,0,0,6,13,30,507,533,162,163,25.021049,121.416544
1,新北市,14356,市立清水高中,68,143,0,0,2,16,44,649,698,197,230,24.2652825,120.5740941
1,新北市,14357,市立三民高中,65,142,12,23,2,18,45,712,742,218,234,25.0868693,121.4737065
1,新北市,14362,市立錦和高中,50,131,14,16,4,11,33,574,502,149,155,24.992544,121.491084
1,新北市,14363,市立光復高中,33,89,7,4,1,12,21,327,359,81,120,25.0167462,121.4822165
1,新北市,14364,市立竹圍高中,44,69,0,0,2,10,23,445,337,105,105,25.1459534,121.461587
1,新北市,14381,市立北大高級中學,26,49,0,0,0,9,18,349,326,110,110,24.948248,121.3764596
1,新北市,14399,市立豐珠中學,2,9,0,0,3,4,2,0,6,0,0,25.0656443,121.9018436
2,宜蘭縣,20301,國立蘭陽女中,39,60,0,0,3,15,42,0,1343,0,432,24.7453914,121.753373
2,宜蘭縣,20302,國立宜蘭高中,66,47,0,0,8,13,42,1239,157,446,61,24.751424,121.7417203
2,宜蘭縣,20308,國立羅東高中,41,65,0,0,7,13,42,689,657,215,250,24.6807286,121.761905
2,宜蘭縣,21301,私立慧燈高中,47,39,0,0,12,14,17,469,260,164,97,24.777028,121.7155386
2,宜蘭縣,21310,私立中道高中,22,13,0,0,4,7,7,162,93,61,33,24.7597787,121.7937987
2,宜蘭縣,24322,縣立南澳高中,28,30,0,0,3,6,10,117,68,24,20,24.465902,121.801868
2,宜蘭縣,24325,縣立慈心華德福實中,18,22,0,0,8,8,5,76,48,15,16,24.6268113,121.795708
3,桃園市,30305,國立中央大學附屬中壢高中,63,90,20,33,4,20,60,1129,1025,352,338,24.962072,121.211168
3,桃園市,31301,桃園市懷恩高中,2,4,0,0,0,1,0,0,0,8,1,24.8481274,121.2453129
3,桃園市,31309,桃園市育達高中,64,105,13,24,8,16,143,2194,2703,653,966,24.95191,121.209124
3,桃園市,31310,私立六和高中,44,80,0,0,6,15,30,724,473,203,162,24.9453453,121.1858942
3,桃園市,31311,桃園市復旦高中,51,95,0,0,5,18,36,949,747,301,260,24.948372,121.203082
3,桃園市,31312,桃園市治平高中,82,87,59,31,7,21,110,2424,1939,845,653,24.9158677,121.1886835
3,桃園市,31313,桃園市振聲高中,65,103,23,18,7,19,70,1281,1846,399,627,24.9905152,121.3022615
3,桃園市,31317,私立光啟高中,15,27,5,1,2,7,24,625,172,214,62,25.0201005,121.4031147
3,桃園市,31318,桃園市啟英高中,83,109,53,33,6,18,139,2560,2236,919,856,24.9750491,121.2357616
3,桃園市,31319,桃園市清華高中,11,6,13,3,0,3,19,263,85,103,37,24.9816339,121.1083826
3,桃園市,31320,桃園市新興高中,101,142,9,17,5,19,119,3217,2161,1004,756,24.975174,121.271855
3,桃園市,31323,私立至善高中,9,5,28,12,5,9,22,208,116,68,35,24.867158,121.284486
3,桃園市,31324,桃園市大興高中,48,36,7,8,3,8,50,1158,498,397,179,25.061988,121.192613
3,桃園市,31326,私立大華高中,15,34,2,3,5,14,6,130,138,41,48,24.882732,121.1744393
3,桃園市,33302,市立龍潭高中,52,66,4,5,11,17,45,908,460,234,148,24.8612862,121.2129579
3,桃園市,33304,市立桃園高中,57,105,1,5,5,21,66,1225,1091,371,419,24.9994003,121.3273196
3,桃園市,33306,市立武陵高中,60,81,0,0,6,19,63,1282,972,424,356,24.987672,121.2857263
3,桃園市,33316,市立楊梅高中,60,68,4,5,6,19,51,1065,749,258,167,24.921386,121.148215
3,桃園市,33325,市立陽明高中,54,97,4,15,5,22,60,1036,1078,319,366,25.0922121,121.5172424
3,桃園市,33327,市立內壢高中,51,94,1,1,4,15,57,1029,1011,342,347,24.9779218,121.2558058
3,桃園市,34306,市立南崁高中,27,73,0,0,3,15,42,673,745,209,220,25.0524424,121.2970629
3,桃園市,34312,市立大溪高中,30,53,5,3,3,12,33,535,518,159,160,24.868745,121.2858825
3,桃園市,34314,市立壽山高中,62,81,0,0,6,17,54,797,1036,167,321,24.9945839,121.3412207
3,桃園市,34319,市立平鎮高中,44,80,0,0,5,15,48,870,771,223,257,24.939725,121.21896
3,桃園市,34332,市立觀音高中,55,86,0,0,10,13,27,468,395,98,116,25.0147432,121.1327739
3,桃園市,34335,市立新屋高級中等學校,39,82,4,13,5,13,21,318,191,59,44,24.970544,121.1017254
3,桃園市,34347,市立永豐高中,59,127,0,0,3,20,39,660,631,229,185,24.9749506,121.2701309
3,桃園市,34348,市立羅浮高中,18,15,0,0,4,3,3,35,20,0,0,24.9936281,121.3009798
3,桃園市,34399,市立大園國際高中,52,63,0,0,3,17,47,695,809,143,299,25.0211,121.2210422
4,新竹縣,40302,國立竹東高中,40,76,9,5,9,12,48,802,709,251,251,24.732995,121.088225
4,新竹縣,40304,國立關西高中,29,48,3,1,10,11,27,433,434,140,150,24.788416,121.1855991
4,新竹縣,40308,國立竹北高中,49,99,9,21,6,23,57,1145,716,306,307,24.8369051,121.0041358
4,新竹縣,41303,私立義民高中,38,62,19,16,2,16,42,953,965,322,323,24.8391368,121.0040633
4,新竹縣,41305,私立忠信高中,17,25,9,9,0,2,17,293,271,108,76,24.881078,121.001876
4,新竹縣,41306,私立東泰高中,27,32,21,9,7,14,56,982,524,270,152,24.7115674,121.0983352
4,新竹縣,41307,私立仰德高中,24,32,8,6,3,15,39,670,490,196,192,24.8815898,121.0051968
4,新竹縣,44311,縣立六家高級中學,27,73,0,0,1,10,21,417,393,112,132,24.8210147,121.0318342
14,臺東縣,140301,國立臺東大學附屬體育高中,22,23,0,0,9,12,9,162,46,23,22,22.7644294,121.075238
14,臺東縣,140302,國立臺東女中,27,43,0,0,4,12,27,8,812,6,272,22.760901,121.15348
14,臺東縣,140303,國立臺東高中,40,43,0,0,5,13,30,884,41,250,3,22.7477668,121.1465661
14,臺東縣,141301,臺東縣均一高中,11,14,0,0,4,10,6,62,80,20,22,22.7703313,121.1261014
14,臺東縣,141307,私立育仁高中,6,6,2,5,1,9,7,54,42,24,34,22.77419,121.092785
14,臺東縣,144322,縣立蘭嶼高中,7,25,0,0,4,6,3,28,10,16,6,22.0498373,121.5118562
15,花蓮縣,150303,國立花蓮高中,46,47,9,21,4,13,36,1061,22,275,10,23.9867344,121.6258141
15,花蓮縣,150309,國立玉里高中,31,51,2,4,9,9,33,261,185,75,63,23.345486,121.318262
15,花蓮縣,151306,私立海星高中,21,32,16,21,3,7,21,247,353,99,138,24.0073437,121.613781
15,花蓮縣,151307,私立四維高中,24,34,11,6,9,11,25,545,458,218,198,24.0003499,121.5914759
15,花蓮縣,151312,財團法人慈濟大學附中,39,42,4,5,5,8,15,305,251,85,91,23.999868,121.5741826
15,花蓮縣,154301,花蓮縣立體育高中,12,8,1,0,3,9,6,109,47,33,11,24.0031924,121.5837156
16,澎湖縣,160302,國立馬公高中,46,60,5,17,9,14,47,552,633,163,221,23.5710333,119.5806143
17,基隆市,170301,國立基隆女中,42,68,2,3,6,19,45,0,821,0,345,25.1286152,121.7591702
17,基隆市,170302,國立基隆高中,36,52,12,39,6,17,33,365,218,96,37,25.1075761,121.7328491
17,基隆市,171306,私立二信高中,74,90,6,5,21,27,52,1060,799,335,270,25.143902,121.771516
17,基隆市,173304,市立中山高中,30,50,4,5,5,11,12,134,121,24,38,22.728652,120.2927492
17,基隆市,173307,市立暖暖高中,17,43,0,0,4,8,12,159,134,40,38,25.1081244,121.737743
17,基隆市,173314,市立八斗高中,24,43,0,0,2,8,12,86,71,17,13,25.140237,121.7882919
18,新竹市,180301,國立竹科實驗高級中等學校,42,73,0,0,6,28,21,403,239,124,99,24.777184,121.016432
18,新竹市,180302,國立新竹女中,41,96,3,3,1,23,54,16,1873,8,657,24.8047857,120.9755859
18,新竹市,180309,國立新竹高中,63,78,26,52,5,20,54,1861,60,641,22,24.795089,120.9804127
18,新竹市,181305,私立光復高中,74,105,25,26,9,20,111,2405,2033,705,605,24.798387,120.994056
18,新竹市,181306,私立曙光女中,23,77,0,0,1,10,24,15,1071,3,364,24.811149,120.9728262
18,新竹市,181307,私立磐石高中,50,56,12,11,11,12,42,1168,703,389,199,24.8108193,120.9570734
18,新竹市,181308,私立世界高中,8,15,2,13,1,6,22,180,167,68,118,24.7807043,121.0198068
18,新竹市,183306,市立成德高中,33,87,0,0,1,14,27,539,374,161,103,24.7909191,120.953335
18,新竹市,183307,市立香山高中,36,95,0,0,4,12,27,449,437,159,145,24.785165,120.930349
18,新竹市,183313,市立建功高中,37,131,7,12,1,15,24,541,398,168,162,24.7978951,121.0023113
19,臺中市,191301,私立東大附中,25,49,5,5,4,4,18,392,426,130,122,24.182282,120.6055347
19,臺中市,191302,私立葳格高中,21,38,4,6,9,32,20,266,275,147,154,24.1785854,120.711852
19,臺中市,191305,私立新民高中,110,140,27,25,12,21,129,2727,2745,822,888,24.1586929,120.685906
19,臺中市,191308,私立宜寧高中,16,39,22,22,6,15,34,756,539,245,202,24.1938884,120.606577
19,臺中市,191309,私立明德高中,40,117,10,8,10,18,67,740,1771,253,651,24.120318,120.683671
19,臺中市,191311,私立衛道高中,71,89,1,5,11,23,24,774,306,239,121,24.1830032,120.6750442
19,臺中市,191313,私立曉明女中,38,67,0,10,3,17,18,0,850,0,279,24.168102,120.673388
19,臺中市,191314,私立嶺東高中,63,71,13,15,13,22,76,1535,1131,556,488,24.138096,120.610281
19,臺中市,191315,私立磊川華德福實驗教育學校,10,20,0,0,3,7,3,28,28,3,3,24.1804983,120.713242
19,臺中市,193301,市立臺中女中,50,78,8,20,5,18,54,0,1917,0,675,24.136043,120.677765
19,臺中市,193302,市立臺中一中,97,70,0,0,9,19,75,2650,87,907,28,24.1498345,120.6863244
19,臺中市,193303,市立忠明高中,44,115,0,0,3,14,27,367,548,98,211,24.1589341,120.6636692
19,臺中市,193313,市立西苑高中,64,140,0,0,6,20,28,490,471,155,153,24.186534,120.64181
19,臺中市,193315,市立東山高中,78,163,0,0,6,15,30,523,503,151,188,24.1663557,120.712095
19,臺中市,193316,市立惠文高中,63,102,0,0,7,15,33,718,471,218,200,24.1516147,120.6397871
19,臺中市,194303,市立臺中二中,71,91,0,0,6,23,69,1524,874,529,264,24.1529906,120.6749422
19,臺中市,194315,市立文華高中,57,82,5,20,4,22,60,715,1368,252,477,24.1702094,120.6599389
20,嘉義市,200302,國立嘉義女中,42,61,3,15,5,16,48,0,1577,0,559,23.473657,120.450995
20,嘉義市,200303,國立嘉義高中,70,85,18,12,6,22,66,1941,163,672,51,23.47709,120.4648722
20,嘉義市,201304,私立興華高中,23,41,0,0,7,10,26,503,369,228,204,23.4895018,120.4647954
20,嘉義市,201309,私立仁義高中,2,1,0,2,0,3,1,7,1,39,9,23.4594591,120.4865167
20,嘉義市,201310,私立嘉華高中,18,23,10,5,5,7,11,237,170,84,76,23.4835895,120.4767061
20,嘉義市,201312,私立輔仁高中,36,27,0,0,6,13,19,472,323,133,113,23.460557,120.456993
20,嘉義市,201313,私立宏仁女中,8,13,1,2,2,7,5,23,137,0,67,23.506283,120.445669
20,嘉義市,201314,私立立仁高中,6,6,0,2,3,6,5,82,117,48,59,23.4631749,120.4594794
21,臺南市,210303,國立臺南二中,60,81,3,9,2,18,57,1176,807,434,227,23.0055481,120.212765
21,臺南市,210305,國立臺南一中,89,61,0,0,4,22,60,1997,47,698,23,22.9942111,120.2158889
21,臺南市,210306,國立臺南女中,41,92,8,21,6,18,57,17,1921,7,686,22.9872458,120.2065307
21,臺南市,210309,國立家齊高中,39,92,0,0,7,15,51,407,1271,126,435,22.981624,120.200817
21,臺南市,211301,私立長榮高中,59,58,10,9,23,17,56,1047,705,412,287,22.9894128,120.2229561
21,臺南市,211302,私立長榮女中,6,20,9,12,4,10,17,132,515,40,174,22.9911165,120.2211482
21,臺南市,211304,財團法人聖功女中,30,53,2,7,2,24,18,0,773,0,264,23.014844,120.221297
21,臺南市,211310,臺南市光華高中,16,53,0,0,1,13,34,391,880,112,271,22.988612,120.21739
17,基隆市,171308,輔大聖心高中,10,15,0,0,2,5,12,177,91,77,35,25.1353145,121.7338675
21,臺南市,211314,私立六信高中,12,11,10,11,2,5,24,286,215,80,73,22.9742224,120.202586
21,臺南市,211315,私立瀛海高中,36,34,0,0,2,10,24,642,425,207,127,23.0350309,120.2113593
21,臺南市,211317,臺南市崑山高中,5,13,26,16,0,1,15,65,110,49,38,23.0110042,120.2263303
21,臺南市,211318,私立德光高中,38,76,7,8,4,25,24,567,554,171,189,22.9798586,120.2214007
21,臺南市,211320,財團法人慈濟高中,31,52,2,6,6,12,18,291,248,93,87,23.999868,121.5741826
21,臺南市,213303,市立南寧高中,28,43,0,0,4,6,12,175,152,67,56,22.935473,120.186614
21,臺南市,213316,市立土城高中,16,30,3,9,1,8,9,111,123,40,38,23.0574603,120.1505744
30,臺北市,313301,市立西松高中,40,70,2,6,9,12,33,610,454,191,137,25.0553554,121.5671134
30,臺北市,313302,市立中崙高中,36,107,4,6,7,19,30,565,510,164,180,25.0487115,121.5611909
30,臺北市,321399,臺北市私立協和祐德高級中學,14,8,13,9,4,5,15,235,57,140,20,25.04252,121.5835426
30,臺北市,323301,市立松山高中,49,103,9,20,8,30,61,1106,1051,376,375,25.0434938,121.5654685
30,臺北市,323302,市立永春高中,45,74,6,7,6,16,46,799,780,180,279,25.032802,121.5785567
30,臺北市,330301,國立師大附中,97,150,37,80,13,37,78,1873,911,617,280,25.0336592,121.5404218
30,臺北市,331301,私立延平中學,53,80,0,0,8,12,24,674,442,269,163,25.0363216,121.5384679
30,臺北市,331302,私立金甌女中,14,52,0,0,3,7,28,0,1017,0,375,25.034768,121.5241819
30,臺北市,331304,私立復興實驗高中,32,47,0,0,14,7,10,235,244,87,61,25.0394418,121.5484403
30,臺北市,333301,市立和平高中,44,111,0,0,9,17,40,759,627,254,198,25.0196314,121.5491522
30,臺北市,333304,市立芳和實中,20,65,0,0,1,10,3,22,21,0,0,25.0329636,121.5654268
30,臺北市,341302,私立大同高中,18,17,7,5,5,7,20,470,251,167,95,25.0665289,121.5212887
30,臺北市,343301,市立中山女中,54,112,6,14,4,23,65,0,2279,0,765,25.0485108,121.5372111
30,臺北市,343302,市立大同高中,51,123,9,18,16,14,48,1047,621,289,261,25.0550217,121.5352723
30,臺北市,343303,市立大直高中,45,100,5,3,6,19,30,540,503,177,169,25.07886,121.543375
30,臺北市,351301,私立強恕中學,9,14,5,11,4,4,25,223,399,91,78,25.0250348,121.5199538
30,臺北市,353301,市立建國中學,106,106,0,14,16,20,83,2895,0,981,0,25.0311123,121.5121811
30,臺北市,353302,市立成功中學,67,96,4,11,8,19,66,2367,0,807,0,25.0423722,121.5236574
30,臺北市,353303,市立北一女中,56,124,3,13,6,22,69,0,2417,0,833,25.0385655,121.513098
30,臺北市,361301,臺北市靜修高中,12,63,2,6,4,6,21,42,793,2,267,25.057931,121.5154866
30,臺北市,363301,市立明倫高中,43,70,7,10,7,16,46,892,733,255,257,25.0762461,121.5193385
30,臺北市,363302,市立成淵高中,51,118,0,0,6,23,36,688,555,224,186,25.0614213,121.5185204
30,臺北市,373301,市立華江高中,44,77,1,6,8,15,49,758,951,222,279,25.0279587,121.4971355
30,臺北市,373302,市立大理高中,43,57,0,0,4,19,27,496,423,141,139,25.0308614,121.4912045
30,臺北市,380301,國立政大附中,22,50,0,0,4,13,18,330,288,122,82,24.9871265,121.5858355
30,臺北市,381301,私立東山高中,65,97,0,0,5,26,34,1040,545,384,211,24.9733741,121.5615447
30,臺北市,381302,私立滬江高中,15,23,20,6,4,10,26,293,159,137,73,24.9894519,121.5389166
30,臺北市,381303,私立大誠高中,12,4,9,3,1,8,18,162,84,51,18,24.9909268,121.5781913
30,臺北市,381304,私立再興中學,41,50,0,0,7,12,18,471,326,126,136,24.9901829,121.5582292
30,臺北市,381305,私立景文高中,32,47,12,10,5,17,28,468,406,189,140,24.9853665,121.5673971
30,臺北市,381306,臺北市靜心高中,26,38,2,1,4,14,8,114,91,0,0,24.9988631,121.5467337
30,臺北市,383301,市立景美女中,36,107,1,1,6,21,56,0,1979,0,689,24.9807371,121.5561748
30,臺北市,383302,市立萬芳高中,46,101,8,5,8,22,33,599,569,148,184,25.0006248,121.5589135
30,臺北市,393301,市立南港高中,44,107,0,0,13,16,30,495,516,144,155,25.052412,121.595026
30,臺北市,393302,市立育成高中,46,94,0,0,10,22,58,893,909,235,295,25.0580409,121.6092336
30,臺北市,401301,私立文德女中,1,3,14,3,1,5,3,0,56,0,29,25.0776217,121.5895146
30,臺北市,401302,私立方濟中學,15,8,4,4,1,3,8,190,74,80,31,25.0773094,121.5905296
30,臺北市,401303,私立達人女中,12,41,5,8,1,11,9,0,351,0,121,25.0812081,121.5876596
30,臺北市,403301,市立內湖高中,52,95,1,13,7,19,59,1022,1033,295,320,25.0783868,121.5866053
30,臺北市,403302,市立麗山高中,30,59,0,0,6,14,33,593,349,214,105,25.0851252,121.5780273
30,臺北市,403303,市立南湖高中,44,74,1,2,6,21,46,833,727,241,251,25.0664602,121.6105269
30,臺北市,411301,私立泰北高中,24,33,10,8,4,12,23,289,379,113,128,25.097375,121.533898
30,臺北市,411302,私立衛理女中,14,53,0,2,4,24,12,0,478,0,175,25.1017466,121.5523894
30,臺北市,411303,私立華興中學,33,28,0,0,9,5,6,167,106,41,30,25.1050855,121.5385223
30,臺北市,413301,市立陽明高中,43,102,5,11,4,24,39,685,689,234,210,25.0922121,121.5172424
30,臺北市,413302,市立百齡高中,45,117,0,0,9,16,27,533,406,159,143,25.0870549,121.5229998
30,臺北市,421301,私立薇閣高中,62,75,0,0,5,8,24,638,527,189,168,25.1395247,121.5039712
30,臺北市,421302,臺北市幼華高中,14,31,15,24,1,6,17,246,151,94,52,25.1334354,121.4968537
30,臺北市,421303,臺北市私立奎山實驗高級中學,10,14,0,0,1,0,3,55,73,22,14,25.112998,121.5223028
30,臺北市,423301,市立復興高中,73,94,0,0,7,21,67,911,1089,200,351,25.143626,121.501768
30,臺北市,423302,市立中正高中,58,111,3,7,9,17,67,1233,1063,344,346,25.1041727,121.5166212
50,高雄市,521301,天主教明誠高中,34,34,4,4,5,18,16,231,244,98,82,22.666246,120.292014
50,高雄市,521303,私立大榮高中,31,18,11,4,5,9,23,521,31,200,5,22.6535429,120.2801989
50,高雄市,523301,市立鼓山高中,34,76,4,4,6,11,27,317,341,93,97,22.6520055,120.2747089
50,高雄市,533301,市立左營高中,44,81,8,18,3,16,54,715,819,194,282,22.6933029,120.2961624
50,高雄市,533302,市立新莊高中,35,74,7,6,2,13,45,837,663,264,223,22.6813675,120.3175826
50,高雄市,540301,國立中山大學附屬國光高中,34,51,4,3,7,8,18,324,312,98,113,22.7082782,120.3050243
50,高雄市,543301,市立中山高中,28,60,1,6,3,12,42,669,707,185,267,22.728652,120.2927492
50,高雄市,543302,市立楠梓高中,31,49,2,3,4,10,30,405,447,77,102,22.7439985,120.3316666
50,高雄市,551301,私立立志高中,54,43,27,11,13,10,81,1367,509,565,234,22.6533576,120.3264762
50,高雄市,551303,南海月光實驗學校,4,30,0,0,0,1,3,16,15,8,2,22.6080409,120.4270968
50,高雄市,553301,市立高雄中學,87,82,17,57,6,17,72,2459,111,849,44,22.6383194,120.2980028
50,高雄市,553302,市立三民高中,33,56,0,0,6,10,36,613,569,172,192,25.0868693,121.4737065
50,高雄市,563301,市立新興高中,38,74,2,4,3,14,21,331,343,92,115,22.6243825,120.3041272
50,高雄市,573301,市立高雄女中,47,100,1,3,5,16,63,0,2254,0,800,22.6212858,120.2928418
50,高雄市,580301,國立高師大附中,26,62,4,9,2,17,24,665,201,178,108,22.6260694,120.3222549
50,高雄市,581301,私立復華高中,28,45,7,5,2,11,34,447,549,175,257,22.621182,120.313424
50,高雄市,581302,天主教道明中學,67,97,2,5,3,18,43,935,1002,303,319,22.6338273,120.3228343
50,高雄市,583301,市立中正高中,37,101,4,9,6,14,33,565,545,190,168,25.1041727,121.5166212
50,高雄市,593301,市立前鎮高中,46,53,5,11,4,14,45,718,767,198,264,22.5879884,120.3192383
50,高雄市,593302,市立瑞祥高中,60,121,7,5,5,19,27,483,386,167,143,22.6016779,120.3248846
50,高雄市,613301,市立小港高中,42,69,1,2,7,9,45,627,740,178,255,22.5644955,120.3567887
71,金門縣,710301,國立金門高中,39,37,0,0,7,11,30,439,501,106,133,24.4349442,118.3137113
72,連江縣,720301,國立馬祖高中,19,16,0,0,9,6,12,135,97,52,44,26.1544475,119.9498791
1,新北市,11405,私立樹人家商,25,79,22,23,2,16,61,1039,1456,275,506,24.994468,121.4192578
1,新北市,11407,私立復興商工,40,53,29,16,6,19,73,1011,2074,328,692,25.003454,121.518399
1,新北市,11408,私立南強工商,30,25,19,15,5,15,40,606,386,205,167,24.9808412,121.5448562
1,新北市,11413,私立穀保家商,22,53,27,11,2,12,41,760,918,208,314,25.0693157,121.4710759
1,新北市,11419,私立開明工商,3,3,13,7,3,3,6,98,48,126,59,24.9800534,121.5462266
1,新北市,11420,私立智光商工,24,38,14,8,3,12,40,731,410,276,156,24.9956844,121.5142997
1,新北市,11421,私立清傳高商,3,14,2,7,4,5,9,111,199,48,55,25.0520106,121.4768683
1,新北市,11426,私立能仁家商,20,39,28,31,8,13,60,702,922,259,345,24.9579932,121.5401745
1,新北市,11427,私立豫章工商,11,28,9,4,5,10,23,517,235,200,107,24.9972245,121.4590085
1,新北市,11431,私立莊敬工家,100,96,74,75,39,27,117,2452,2798,402,578,24.98555,121.5320166
1,新北市,11432,私立中華商海,6,2,5,0,1,2,10,81,17,18,6,25.1774912,121.6860542
1,新北市,13402,市立瑞芳高工,68,60,6,1,16,17,53,716,240,228,73,25.1107886,121.8036958
1,新北市,13430,市立三重商工,83,98,14,9,16,19,77,1523,707,418,241,25.0693564,121.481217
1,新北市,13433,市立新北高工,115,87,0,0,12,21,92,2158,435,578,160,24.9824,121.4513028
1,新北市,13434,市立淡水商工,85,113,0,0,16,16,81,1318,909,289,271,25.1873489,121.454254
1,新北市,14439,市立鶯歌工商,60,100,0,0,11,14,63,877,976,197,296,24.9393742,121.3351073
1,新北市,14468,市立樟樹國際實中,36,78,2,6,3,12,18,153,272,41,73,25.0659397,121.6398933
2,宜蘭縣,20403,國立宜蘭高商,46,77,0,0,13,11,48,767,723,184,236,24.7552719,121.7654572
2,宜蘭縣,20404,國立羅東高商,50,65,0,0,5,14,48,583,790,155,237,24.6726722,121.756686
2,宜蘭縣,20405,國立蘇澳海事,50,39,7,5,14,18,35,390,177,141,67,24.594231,121.8445872
2,宜蘭縣,20407,國立羅東高工,93,34,0,0,16,17,45,1278,134,357,25,24.6704012,121.7512832
2,宜蘭縣,20409,國立頭城家商,37,68,0,0,6,17,44,474,503,85,172,24.8513546,121.8160472
3,桃園市,30403,國立北科大附屬桃園農工,108,98,6,6,22,24,83,2021,399,601,107,24.9952277,121.3206408
3,桃園市,31414,私立成功工商,24,24,21,5,8,11,47,732,446,316,159,24.9888384,121.3411664
3,桃園市,31415,私立方曙商工,13,17,3,6,0,2,18,85,69,43,11,24.8579318,121.2008338
3,桃園市,31421,私立永平工商,48,83,35,21,19,21,129,2310,1683,702,580,24.919795,121.17523
3,桃園市,33407,市立中壢高商,45,111,0,3,8,15,60,731,1139,227,361,24.962135,121.214913
3,桃園市,33408,市立中壢家商,19,60,0,2,5,17,29,193,730,43,235,24.962135,121.214913
4,新竹縣,41401,私立內思高工,37,26,10,4,3,15,27,868,181,223,54,24.828444,121.0824601
5,苗栗縣,50401,國立大湖農工,52,31,0,0,14,11,27,444,199,155,73,24.4211342,120.8612213
5,苗栗縣,50404,國立苗栗農工,84,70,0,0,17,22,54,1308,492,336,148,24.5564627,120.834069
5,苗栗縣,50407,國立苗栗高商,29,58,0,0,10,9,34,372,609,105,200,24.5570318,120.8152979
5,苗栗縣,51408,私立中興商工,15,21,4,1,5,8,24,366,259,134,108,24.6879837,120.8725771
5,苗栗縣,51411,私立育民工家,7,12,5,4,3,5,16,143,54,71,24,24.5380764,120.8130589
5,苗栗縣,51412,私立賢德工商,5,2,0,0,0,3,7,45,15,6,0,24.4754734,120.6753088
5,苗栗縣,51413,私立龍德家商,4,6,0,0,5,2,4,50,53,65,55,24.4286716,120.6439174
6,臺中市,63401,市立豐原高商,44,107,0,1,8,18,60,606,1014,182,321,24.245781,120.7129446
6,臺中市,63402,市立大甲高工,74,45,0,0,10,21,46,1112,204,358,60,24.3465387,120.6399356
6,臺中市,63404,市立東勢高工,96,61,0,0,18,19,63,1253,310,385,86,24.2423422,120.8343503
6,臺中市,63407,市立沙鹿高工,89,63,9,1,19,20,66,1347,463,476,158,24.2386696,120.565676
6,臺中市,63408,市立霧峰農工,66,51,0,0,13,16,48,1051,249,344,84,24.0731392,120.6998281
6,臺中市,64406,市立神岡高工,32,55,1,5,6,6,6,181,8,0,0,24.246864,120.681939
7,彰化縣,70401,國立彰師附工,115,62,0,0,20,19,69,1855,244,624,83,24.0825769,120.5559702
7,彰化縣,70402,國立永靖高工,63,42,0,0,15,15,37,912,234,274,64,23.9261111,120.5455556
7,彰化縣,70403,國立二林工商,71,65,5,0,14,13,52,807,479,282,161,23.9011139,120.3774756
7,彰化縣,70405,國立秀水高工,85,48,16,6,12,12,57,1368,259,464,87,24.0344699,120.499007
7,彰化縣,70406,國立彰化高商,46,110,0,0,11,14,63,665,1397,205,479,24.0729394,120.5531255
7,彰化縣,70408,國立員林農工,54,72,0,0,11,22,51,885,623,314,180,23.9545613,120.5818258
7,彰化縣,70409,國立員林崇實高工,56,47,0,0,13,18,41,978,209,314,76,23.9611258,120.5748453
7,彰化縣,70410,國立員林家商,27,83,1,7,7,17,47,228,1046,64,344,23.9503771,120.576024
7,彰化縣,70415,國立北斗家商,40,79,0,0,9,10,50,358,1095,104,371,23.8783142,120.5224644
7,彰化縣,71413,私立大慶商工,17,20,10,8,5,12,34,643,333,241,129,23.9481636,120.6010439
7,彰化縣,71414,私立達德商工,47,77,16,16,8,22,73,1491,1228,609,523,23.852614,120.608405
8,南投縣,80401,國立仁愛高農,21,29,1,1,9,11,19,114,60,26,29,24.021123,121.133602
8,南投縣,80403,國立埔里高工,62,37,0,0,7,19,39,566,164,159,59,23.9719852,120.9778465
8,南投縣,80404,國立南投高商,28,64,2,1,5,18,35,323,409,82,167,23.9035545,120.6845134
8,南投縣,80406,國立草屯商工,60,75,2,5,15,18,51,625,665,218,219,23.9952977,120.6657122
8,南投縣,80410,國立水里商工,35,51,0,0,12,12,36,479,308,147,103,23.8050576,120.8531811
8,南投縣,81409,南投縣同德高中,27,26,22,14,5,14,33,505,464,212,202,23.99842,120.695346
9,雲林縣,90401,國立虎尾農工,55,48,0,0,18,12,43,908,301,236,89,23.7148646,120.4365681
9,雲林縣,90402,國立西螺農工,68,63,0,0,14,16,47,1185,367,368,130,23.7945462,120.4683819
9,雲林縣,90403,國立斗六家商,28,56,6,3,4,18,32,282,685,87,229,23.7073983,120.5468819
9,雲林縣,90404,國立北港農工,49,25,0,0,9,16,30,722,132,228,42,23.5794171,120.3078728
9,雲林縣,90413,國立土庫商工,41,43,0,1,9,14,31,380,564,103,161,23.6724499,120.3877409
9,雲林縣,91410,私立大成商工,25,18,10,4,1,1,29,510,245,258,139,23.71066,120.4454154
9,雲林縣,91414,私立大德工商,26,9,3,3,1,5,24,373,174,114,65,23.6849601,120.472107
10,嘉義縣,100402,國立民雄農工,72,39,1,1,10,19,39,884,144,248,54,23.5390792,120.4262305
10,嘉義縣,101405,私立協志工商,11,10,17,7,1,6,20,250,217,400,289,23.5492506,120.4309573
10,嘉義縣,101406,私立萬能工商,34,27,0,0,6,6,34,826,473,276,166,23.4310788,120.3909258
11,臺南市,110401,國立新化高工,57,51,0,0,12,14,39,927,211,271,53,23.0382113,120.3186639
11,臺南市,110403,國立白河商工,37,34,1,3,7,16,30,261,73,91,38,23.353023,120.41629
11,臺南市,110404,國立北門農工,73,70,0,0,16,18,54,1116,377,283,127,23.1760031,120.1808703
11,臺南市,110405,國立曾文家商,24,53,5,4,5,12,30,254,645,62,221,23.179107,120.2458479
11,臺南市,110406,國立新營高工,79,41,7,4,15,16,46,873,226,282,77,23.3132131,120.3172437
11,臺南市,110407,國立玉井工商,38,31,0,0,11,11,27,280,201,112,53,23.1200355,120.4598153
11,臺南市,110409,國立臺南高工,139,82,8,1,24,24,84,2127,327,648,84,23.014539,120.2336054
11,臺南市,110410,國立曾文農工,65,72,3,3,16,19,50,804,324,176,90,23.1871927,120.2631909
11,臺南市,111419,私立陽明工商,14,8,0,0,3,7,22,276,98,109,48,23.1920689,120.3287761
11,臺南市,111427,私立育德工家,17,15,0,0,4,6,23,348,248,88,83,23.3161758,120.3118299
12,高雄市,120401,國立旗山農工,51,42,0,0,17,14,35,523,174,165,61,22.900965,120.48276
12,高雄市,120402,國立岡山農工,92,72,5,6,13,25,64,1291,364,371,109,22.8021759,120.2897251
12,高雄市,120409,國立鳳山商工,83,99,0,0,16,22,76,1096,1010,293,346,22.634032,120.3579315
12,高雄市,121405,私立中山工商,148,183,13,13,16,42,180,4946,3181,1729,1037,22.600589,120.393324
12,高雄市,121410,私立旗美商工,3,1,11,3,1,4,6,71,49,18,9,22.884854,120.5195241
12,高雄市,121413,私立高英工商,43,27,0,0,7,15,49,865,510,351,166,22.5941731,120.3999596
12,高雄市,121415,私立華德工家,12,11,16,6,2,4,32,284,188,88,69,22.9074481,120.1811627
12,高雄市,121417,私立高苑工商,28,28,33,11,7,16,48,959,371,312,131,22.758928,120.2909505
13,屏東縣,130401,國立內埔農工,61,44,0,0,13,16,36,465,157,113,61,22.707455,120.640759
13,屏東縣,130403,國立屏東高工,102,72,0,0,18,15,66,1457,260,450,69,22.663264,120.4866854
13,屏東縣,130404,國立佳冬高農,44,58,0,0,12,13,41,489,286,131,139,22.4128213,120.5639292
13,屏東縣,130410,國立東港海事,43,54,8,2,12,16,37,623,290,193,131,22.4652659,120.4419585
13,屏東縣,130417,國立恆春工商,37,48,0,0,9,14,33,367,284,93,88,21.9927817,120.7468812
13,屏東縣,131409,私立民生家商,12,13,0,0,1,8,19,261,223,106,99,22.6587044,120.5138436
13,屏東縣,131418,私立日新工商,3,4,2,5,1,4,6,71,69,53,29,22.556566,120.5362275
14,臺東縣,140404,國立關山工商,28,26,0,0,8,11,21,135,75,33,27,23.0474168,121.1590111
14,臺東縣,140405,國立臺東高商,32,63,0,0,3,17,36,449,600,96,183,22.7573451,121.1448649
14,臺東縣,140408,國立成功商水,22,13,0,0,6,10,12,109,35,38,16,23.1059648,121.3824325
14,臺東縣,141406,私立公東高工,24,23,3,6,10,15,29,387,239,99,63,22.767126,121.1350105
15,花蓮縣,150401,國立花蓮高農,50,46,0,0,12,16,35,402,315,104,80,23.984087,121.5991057
15,花蓮縣,150404,國立花蓮高工,83,53,0,0,19,16,45,868,143,251,46,23.9986012,121.6205213
15,花蓮縣,150405,國立花蓮高商,34,58,0,0,3,19,34,342,625,98,198,23.9863576,121.6022768
15,花蓮縣,150411,國立光復商工,23,23,0,0,10,6,16,139,93,34,14,23.66717,121.427342
15,花蓮縣,151410,花蓮縣上騰工商,15,13,6,4,3,4,26,218,163,73,51,23.9720191,121.5588648
16,澎湖縣,160401,國立澎湖海事水產,55,51,2,0,16,21,42,504,317,183,84,23.5702986,119.5653356
17,基隆市,170403,國立海洋大學附屬基隆海事,57,63,0,0,13,19,49,652,357,118,86,25.147706,121.771736
17,基隆市,170404,國立基隆商工,66,80,6,2,14,16,61,783,584,236,244,25.0941889,121.7173003
17,基隆市,171405,私立光隆家商,5,7,9,13,0,2,16,116,226,56,104,25.129899,121.749759
17,基隆市,171407,私立培德工家,6,8,8,8,0,4,9,119,38,14,16,25.1298359,121.771327
18,新竹市,180403,國立新竹高商,22,87,0,0,4,15,45,521,1010,179,325,24.7968761,120.986653
18,新竹市,180404,國立新竹高工,64,77,0,0,10,21,51,1147,388,400,100,24.8093963,120.9829614
19,臺中市,190406,國立興大附農,50,129,5,12,14,19,78,1127,1040,343,369,24.1286217,120.6851031
19,臺中市,191412,財團法人光華高工,11,9,5,8,4,10,19,235,33,153,11,24.1380353,120.7364363
19,臺中市,193404,市立臺中家商,52,122,0,0,8,19,78,583,1534,128,514,24.133498,120.684587
19,臺中市,193407,市立臺中高工,156,101,4,1,28,30,117,2839,501,932,150,24.1133614,120.6614906
20,嘉義市,200401,國立華南高商,41,68,0,0,5,16,42,517,807,148,285,23.4784199,120.4592511
20,嘉義市,200405,國立嘉義高工,151,80,0,0,23,22,92,2007,596,589,227,23.4713743,120.464588
20,嘉義市,200406,國立嘉義高商,43,69,6,9,3,18,44,396,1026,122,323,23.4824119,120.4624409
20,嘉義市,200407,國立嘉義家職,18,82,0,0,5,16,40,212,824,67,284,23.4716168,120.4587285
20,嘉義市,201408,私立東吳工家,43,61,16,19,5,10,78,1172,1430,349,518,23.4688064,120.460471
21,臺南市,210408,國立臺南高商,49,104,0,0,3,19,64,632,1246,171,434,22.9812227,120.2023948
21,臺南市,210416,國立臺南海事,49,45,12,4,11,12,33,629,251,199,71,22.9936178,120.1516513
21,臺南市,211407,私立南英商工,26,37,19,9,7,19,36,611,279,223,90,22.9861239,120.1996235
21,臺南市,211412,私立亞洲餐旅,13,14,7,6,2,4,27,409,269,122,102,22.9749246,120.2029425
21,臺南市,211419,私立慈幼工商,22,17,7,6,11,8,31,674,152,228,57,22.9893311,120.2397489
30,臺北市,311401,臺北市普林思頓高中,22,61,15,22,1,12,48,821,1066,460,691,25.0498769,121.5540993
30,臺北市,323401,市立松山家商,44,117,0,0,7,25,58,632,1170,192,356,25.0350498,121.5806133
30,臺北市,323402,市立松山工農,98,93,10,5,15,29,64,1810,358,511,125,25.039982,121.572258
30,臺北市,331402,私立東方工商,4,5,2,4,0,4,5,23,44,20,35,25.0322561,121.5514468
30,臺北市,331403,私立喬治工商,6,13,1,13,3,6,24,74,211,22,67,25.0259066,121.5545048
30,臺北市,331404,私立開平餐飲,11,21,0,0,1,5,25,507,337,192,120,25.0285456,121.5423269
30,臺北市,333401,市立大安高工,159,122,10,9,24,32,99,2520,436,776,130,25.0320189,121.5430425
30,臺北市,341402,私立稻江護家,11,46,4,12,5,17,36,40,898,0,348,25.0655224,121.5288056
30,臺北市,351402,臺北市開南高中,23,17,0,0,6,16,31,538,169,262,63,25.0424386,121.5218475
30,臺北市,361401,私立稻江高商,16,27,0,0,2,16,27,550,399,105,147,25.0643302,121.5119253
30,臺北市,383401,市立木柵高工,92,85,0,0,17,27,55,1468,247,353,81,24.9968638,121.5726322
30,臺北市,393401,市立南港高工,105,95,0,0,41,21,67,1903,222,509,87,25.0563397,121.6072921
30,臺北市,403401,市立內湖高工,93,84,0,0,13,24,58,1594,259,413,82,25.0794378,121.5753706
30,臺北市,411401,私立華岡藝校,12,20,46,51,2,2,18,152,568,48,170,25.1371929,121.5491247
30,臺北市,413401,市立士林高商,61,142,5,6,13,24,76,823,1405,194,440,25.0945436,121.5160767
30,臺北市,421404,私立惇敘工商,18,11,5,4,5,5,20,437,25,133,11,25.1446525,121.5271635
50,高雄市,521401,私立中華藝校,14,27,47,40,8,17,27,222,627,102,198,22.622051,120.3287805
50,高雄市,533401,市立海青工商,77,96,3,3,18,18,61,922,857,287,276,22.6752655,120.284936
50,高雄市,533402,市立三民家商,48,98,0,0,3,20,54,461,1184,101,367,22.666946,120.3011952
50,高雄市,551402,私立樹德家商,45,118,33,47,9,28,130,1399,2869,429,1003,22.643005,120.32803
50,高雄市,553401,市立高雄高工,138,92,4,4,22,18,81,2185,364,659,139,22.6503468,120.3264388
50,高雄市,563401,市立高雄高商,41,108,2,2,5,17,60,565,1190,126,415,22.625573,120.309023
50,高雄市,581401,私立國際商工,1,3,9,11,0,1,4,37,79,17,25,22.6212347,120.326302
50,高雄市,581402,私立三信家商,30,48,20,30,1,12,76,969,1278,348,354,22.622051,120.3287805
50,高雄市,593401,市立中正高工,105,77,5,5,13,25,71,1711,265,468,78,22.6107875,120.3175699
50,高雄市,610405,國立高餐大附屬餐旅中學,12,29,0,0,5,4,9,81,145,22,56,22.566209,120.371733
71,金門縣,710401,國立金門農工,42,33,0,0,18,15,39,509,365,128,107,24.441624,118.423344
30,臺北市,351B09,私立南華高中進修學校,3,13,0,0,4,9,24,279,269,161,163,25.0156175,121.5311921
30,臺北市,361B09,私立志仁中學進修學校,8,8,0,0,1,6,42,687,699,314,306,25.0522051,121.5188456
1,新北市,011C71,私立光華高商進修學校,4,8,3,7,1,5,15,243,209,89,88,25.0030663,121.4548612
21,臺南市,210C01,國立成功大學附設高工進修學校,19,14,11,4,1,5,24,196,62,47,22,22.9991111,120.2158342
7,彰化縣,070F01,國立和美實驗學校,0,0,0,0,0,0,12,202,164,50,64,24.105286,120.4914278
50,高雄市,543F01,市立楠梓特殊學校,0,0,0,0,0,0,3,0,11,0,0,22.7283615,120.3133528
3,桃園市,031G91,私立宏德高商進修學校,0,0,15,5,0,0,3,104,0,30,0,24.962135,121.214913
7,彰化縣,070G92,國立二林工商進校分校,0,0,0,0,0,0,2,20,0,7,0,23.9011139,120.3774756
11,臺南市,111G91,私立樹德高中進修學校,0,0,12,1,0,0,3,85,0,27,0,22.643005,120.32803
15,花蓮縣,151G91,私立正德高中進修學校,0,0,20,7,0,0,3,65,0,21,0,24.0587655,120.5184684
3,桃園市,03C301,誠正中學桃園分校,0,0,0,0,0,0,11,168,0,2,0,24.8663014,120.980387
4,新竹縣,04C301,誠正中學,0,0,0,0,0,0,14,196,0,13,0,24.8663014,120.980387
7,彰化縣,07C301,誠正中學彰化分校,0,0,0,0,0,0,18,144,50,3,0,23.8768466,120.6077288
12,高雄市,12C301,明陽中學,0,0,0,0,0,0,8,84,1,0,0,22.7612808,120.3726291
4,新竹縣,44320,縣立湖口高中,39,113,0,0,5,10,18,315,296,107,93,24.8906561,121.0529741
5,苗栗縣,50303,國立苗栗高中,36,63,1,4,7,13,42,641,686,200,235,24.5594466,120.816554
5,苗栗縣,50310,國立竹南高中,38,71,11,6,5,20,42,774,675,209,225,24.684093,120.874663
5,苗栗縣,50314,國立卓蘭高中,39,68,0,0,7,18,33,299,524,83,192,24.312708,120.831961
5,苗栗縣,50315,國立苑裡高中,37,53,2,4,5,13,36,475,661,140,201,24.4479426,120.6560924
5,苗栗縣,51302,私立君毅高中,41,63,7,2,13,12,41,785,563,244,189,24.7010062,120.8830877
5,苗栗縣,51305,私立大成高中,9,6,4,7,5,3,25,123,198,62,77,24.6824956,120.9384643
5,苗栗縣,51306,私立建臺高中,28,44,4,4,4,10,20,455,369,200,155,24.5602456,120.8149379
5,苗栗縣,51307,私立全人實驗高中,6,3,5,2,0,2,3,24,10,2,2,24.3058986,120.8622756
5,苗栗縣,54308,縣立三義高中,21,46,0,0,4,5,12,174,191,40,60,24.4090224,120.7655713
5,苗栗縣,54309,縣立苑裡高中,45,86,0,0,9,10,21,252,300,75,101,24.438008,120.663488
5,苗栗縣,54317,縣立興華高中,36,72,0,0,3,12,20,298,296,82,91,24.6858788,120.9363403
5,苗栗縣,54333,縣立大同高中,19,39,0,0,4,5,15,203,239,37,58,22.678426,120.477654
6,臺中市,60322,國立興大附中,55,51,0,3,3,18,42,883,641,291,232,24.1099288,120.682895
6,臺中市,60323,國立中科實驗高級中學,35,48,0,0,4,10,15,251,159,63,67,24.2303236,120.6260535
6,臺中市,61301,財團法人常春藤高中,22,18,23,9,3,13,18,252,238,90,84,24.195178,120.7178368
6,臺中市,61306,私立明台高中,31,51,11,20,16,13,54,630,1047,185,369,24.0614589,120.7031172
6,臺中市,61309,私立致用高中,39,47,27,12,6,16,62,1255,751,405,296,24.3407676,120.6304738
6,臺中市,61310,私立大明高中,43,63,13,12,5,21,41,749,737,295,253,24.116227,120.685708
6,臺中市,61311,私立嘉陽高中,19,19,1,2,4,11,36,694,456,241,206,24.2651602,120.5831409
6,臺中市,61313,私立明道高中,141,211,7,5,12,49,93,2175,2216,697,718,24.1068736,120.6361535
6,臺中市,61314,私立僑泰高中,98,125,8,22,12,27,122,2682,2313,975,869,24.1117897,120.6669624
6,臺中市,61315,私立華盛頓高中,45,51,6,2,2,16,24,568,477,184,161,24.1581869,120.74518
6,臺中市,61316,私立青年高中,49,65,46,56,4,19,67,1251,784,371,234,24.086958,120.693459
6,臺中市,61317,私立弘文高中,62,74,6,2,12,22,35,786,723,264,243,24.2261308,120.704606
6,臺中市,61318,私立立人高中,45,78,7,7,5,23,48,1050,1170,347,384,24.1057001,120.691521
6,臺中市,61319,私立玉山高中,9,8,1,1,2,6,19,181,132,69,53,24.2499848,120.8438855
6,臺中市,61321,私立慈明高中,38,56,0,0,9,28,53,848,900,209,263,24.1052061,120.7272563
6,臺中市,61322,華德福大地實驗學校,5,10,0,0,0,3,3,8,11,5,3,24.1020885,120.6276741
6,臺中市,63303,市立大甲高中,46,70,0,0,12,13,42,643,749,199,263,24.3419225,120.6217338
6,臺中市,63305,市立清水高中,44,57,0,0,3,18,42,671,750,210,268,24.2652825,120.5740941
6,臺中市,63312,市立豐原高中,47,60,4,2,6,15,45,665,839,237,289,24.2558681,120.7414285
6,臺中市,64308,市立后綜高中,54,104,0,0,9,15,30,415,489,120,172,24.3064604,120.7231399
6,臺中市,64324,市立大里高中,41,73,0,0,8,16,24,354,379,129,117,24.0951235,120.6789632
6,臺中市,64328,市立新社高中,42,83,0,0,6,16,27,399,440,120,141,24.2386141,120.806864
6,臺中市,64336,市立長億高中,45,76,0,0,3,13,24,386,377,145,129,24.1138805,120.7210106
6,臺中市,64342,市立中港高中,55,83,0,0,4,15,21,343,347,109,122,24.2442409,120.5419946
6,臺中市,64350,市立龍津高中,37,76,0,0,7,5,18,221,272,70,90,24.204669,120.521466
7,彰化縣,70301,國立彰化女中,36,71,3,16,4,18,45,0,1585,0,580,24.081169,120.543736
7,彰化縣,70304,國立員林高中,53,67,7,5,8,16,51,749,1026,261,376,23.9622852,120.5637442
7,彰化縣,70307,國立彰化高中,76,73,11,6,10,18,63,2134,58,752,33,24.0722391,120.5511591
7,彰化縣,70316,國立鹿港高中,53,61,0,4,9,13,45,757,696,230,231,24.06098,120.4236821
7,彰化縣,70319,國立溪湖高中,48,61,6,8,8,16,45,703,876,211,320,23.9690638,120.4866598
7,彰化縣,71311,私立精誠高中,66,76,2,2,5,15,30,810,601,264,201,24.0731321,120.5272945
7,彰化縣,71317,私立文興高中,32,51,0,0,5,14,17,331,395,128,173,23.867111,120.5868495
7,彰化縣,71318,財團法人正德高中,11,16,10,13,2,8,20,312,355,120,157,24.0587655,120.5184684
7,彰化縣,74308,縣立彰化藝術高中,38,81,0,0,7,11,27,321,386,88,131,24.078871,120.554266
7,彰化縣,74313,縣立二林高中,51,70,0,0,8,4,15,178,194,67,50,23.8901258,120.359044
7,彰化縣,74323,縣立和美高中,50,91,0,0,3,12,21,264,330,100,124,24.1132428,120.49367
7,彰化縣,74328,縣立田中高中,45,66,0,0,7,7,12,150,171,49,52,23.8555119,120.5887042
7,彰化縣,74339,縣立成功高中,46,66,0,0,5,11,15,195,186,66,69,23.9515136,120.4718336
8,南投縣,80302,國立南投高中,65,55,3,3,13,15,45,748,612,224,204,23.91009,120.6803516
8,南投縣,80305,國立中興高中,42,56,5,2,3,17,39,612,588,225,192,23.9505197,120.6951144
8,南投縣,80307,國立竹山高中,44,62,0,0,15,13,42,566,512,162,169,23.7618343,120.6812718
8,南投縣,80308,國立暨大附中,35,61,0,0,7,14,37,404,589,112,182,23.9717773,120.9460392
8,南投縣,81311,私立五育高中,10,11,3,4,6,10,14,188,216,58,88,23.8929479,120.6719347
8,南投縣,81312,私立三育高中,9,6,2,2,0,7,4,47,25,13,12,23.9084174,120.9350563
8,南投縣,81313,私立弘明實驗高中,9,12,8,3,7,12,3,46,48,18,14,23.8576862,120.6972649
8,南投縣,81314,私立普台高中,22,36,4,1,9,10,15,292,231,82,68,23.9942691,120.93693
8,南投縣,84309,縣立旭光高中,58,94,0,0,3,13,21,281,346,118,105,23.9795219,120.6945993
9,雲林縣,90305,國立斗六高中,58,55,2,2,9,15,48,763,771,241,280,23.7133968,120.5454533
9,雲林縣,90306,國立北港高中,29,54,0,2,3,15,32,368,414,107,166,23.577404,120.3044383
9,雲林縣,90315,國立虎尾高中,44,59,0,0,3,18,42,646,705,230,233,23.7098209,120.4420491
9,雲林縣,91307,私立永年高中,14,19,5,5,4,10,7,143,90,69,42,23.6797617,120.3998417
9,雲林縣,91308,私立正心高中,58,62,0,4,10,10,23,567,453,186,202,23.7150432,120.5282857
9,雲林縣,91311,私立文生高中,14,13,0,0,4,5,8,138,113,52,40,23.6326997,120.2265183
9,雲林縣,91312,私立巨人高中,5,10,0,0,1,6,15,152,337,55,148,23.5754753,120.289419
9,雲林縣,91316,私立揚子高中,26,32,3,0,3,5,17,346,243,131,90,23.6966464,120.4231492
9,雲林縣,91318,財團法人義峰高中,15,15,16,20,5,9,26,427,326,186,147,23.7596526,120.5934384
9,雲林縣,91319,福智高中,7,33,0,0,3,3,10,144,158,39,53,23.635984,120.523744
9,雲林縣,91320,雲林縣維多利亞實驗高中,19,13,0,0,3,8,6,61,53,24,21,23.679668,120.5525074
9,雲林縣,94301,縣立斗南高中,41,68,0,0,6,13,18,244,273,106,78,23.6818742,120.4758371
9,雲林縣,94307,縣立麥寮高中,52,70,0,0,5,15,16,240,219,88,64,23.7577527,120.2511462
9,雲林縣,94308,縣立古坑華德福實驗高級中學,15,13,4,2,2,4,4,32,25,4,9,23.6306774,120.6154051
9,雲林縣,94326,縣立蔦松藝術高中,20,33,0,0,4,6,7,45,84,16,17,23.5217265,120.2299138
10,嘉義縣,100301,國立東石高中,61,39,2,0,13,11,38,788,346,277,121,23.4646737,120.2516334
10,嘉義縣,100302,國立新港藝術高中,20,22,0,0,5,8,15,110,149,51,68,23.559895,120.349388
10,嘉義縣,101303,私立同濟高中,7,6,6,2,3,2,5,60,35,36,29,23.604358,120.473369
10,嘉義縣,101304,私立協同高中,47,52,0,0,13,13,22,507,446,166,160,23.5323168,120.4367532
10,嘉義縣,104319,縣立竹崎高中,47,65,0,0,1,10,21,231,248,82,87,23.5211813,120.5530783
10,嘉義縣,104326,縣立永慶高中,40,33,0,0,2,6,18,253,246,58,69,23.46505,120.294687
11,臺南市,110302,國立新豐高中,39,51,1,7,5,16,36,505,540,147,173,22.9718627,120.295809
11,臺南市,110308,國立臺南大學附中,53,67,8,8,12,14,48,790,732,201,269,23.0232218,120.2522672
11,臺南市,110311,國立北門高中,34,42,0,0,8,8,30,480,463,120,137,23.1671481,120.1772896
11,臺南市,110312,國立新營高中,34,57,2,3,7,13,33,424,568,110,230,23.3083164,120.3120353
11,臺南市,110314,國立後壁高中,31,45,6,2,10,12,30,302,300,101,107,23.3558294,120.3587437
11,臺南市,110315,國立善化高中,29,46,0,0,9,10,30,507,433,109,115,23.129921,120.300794
11,臺南市,110317,國立新化高中,39,51,0,2,4,13,36,518,674,160,211,23.039008,120.3104284
11,臺南市,110328,國立南科國際實驗高中,43,65,1,4,5,16,15,235,166,67,62,23.1060327,120.2922443
11,臺南市,111313,私立南光高中,36,39,8,7,5,6,22,502,427,166,164,23.2981915,120.3148321
11,臺南市,111318,私立鳳和高中,0,0,0,0,0,0,0,0,0,14,19,23.2796354,120.326017
11,臺南市,111320,私立港明高中,75,47,10,11,2,11,36,854,668,336,223,23.1189915,120.1952371
11,臺南市,111321,臺南市興國高中,32,44,0,0,1,6,18,407,337,170,145,23.3128662,120.3223801
11,臺南市,111322,私立明達高中,14,8,5,3,3,6,7,125,96,60,56,23.3105731,120.2746819
11,臺南市,111323,私立黎明高中,41,33,10,2,5,8,20,483,396,165,124,23.1733109,120.2471809
11,臺南市,111326,私立新榮高中,6,5,0,0,4,2,8,56,27,40,16,23.2693288,120.3159048
11,臺南市,114306,市立大灣高中,47,112,10,13,3,11,18,393,260,135,93,23.00666,120.2729047
11,臺南市,114307,市立永仁高中,31,71,0,0,4,10,12,169,221,47,58,23.0036078,120.2402968
12,高雄市,120303,國立鳳山高中,49,77,0,0,3,19,54,1202,706,350,298,22.6297556,120.3456278
12,高雄市,120304,國立岡山高中,39,68,0,0,4,15,45,717,694,218,243,22.7974429,120.2904307
12,高雄市,120311,國立旗美高中,19,48,3,3,8,10,27,281,374,76,117,22.8839816,120.4944552
12,高雄市,120319,國立鳳新高中,57,84,15,56,6,16,57,959,990,294,315,22.6137876,120.3424696
12,高雄市,121302,光禾華德福實驗學校,2,4,0,0,3,5,1,3,5,0,0,22.6080409,120.4270968
12,高雄市,121306,財團法人新光高中,4,4,7,8,3,5,14,136,138,56,39,22.6350568,120.3902593
12,高雄市,121307,財團法人普門中學,19,25,12,6,3,10,15,218,143,50,41,22.716617,120.446001
12,高雄市,121318,私立正義高中,8,20,12,7,0,7,9,158,154,72,53,22.6025542,120.3397998
12,高雄市,121320,私立義大國際高中,13,21,8,15,3,6,6,122,89,34,40,22.7283207,120.4055547
12,高雄市,124302,市立文山高中,42,87,0,2,5,12,24,343,389,86,119,22.6484436,120.3535462
12,高雄市,124311,市立林園高中,61,107,0,0,5,15,18,252,281,96,87,22.5137204,120.3945114
12,高雄市,124313,市立仁武高中,59,60,0,0,5,11,21,292,251,76,74,22.7022904,120.3554411
12,高雄市,124322,市立路竹高中,52,93,12,8,4,15,21,322,253,74,88,22.8552779,120.2523546
12,高雄市,124333,市立六龜高中,21,22,0,1,1,5,6,46,49,11,6,22.993343,120.635442
12,高雄市,124340,市立福誠高中,51,102,6,12,7,12,21,357,324,116,100,22.5903176,120.3232778
13,屏東縣,130302,國立屏東女中,42,72,0,0,5,16,48,5,1505,4,520,22.6745474,120.4937461
13,屏東縣,130305,國立屏東高中,67,69,0,0,10,18,57,1732,56,544,20,22.6865723,120.4876483
13,屏東縣,130306,國立潮州高中,39,57,0,0,7,14,42,626,717,187,266,22.5495485,120.5452894
13,屏東縣,130322,國立屏北高中,27,36,0,0,5,11,30,292,469,87,148,22.759382,120.543578
13,屏東縣,131302,屏東縣崇華高中,6,9,0,0,3,4,2,8,10,0,0,22.6805486,120.5471813
13,屏東縣,131307,財團法人屏榮高中,51,56,0,0,7,8,52,950,998,324,328,22.6735412,120.5030639
13,屏東縣,131308,私立陸興高中,13,9,9,5,3,6,7,135,100,61,33,22.674615,120.5005095
13,屏東縣,131311,私立美和高中,27,26,0,0,4,9,18,368,215,132,79,22.6006765,120.5600266
13,屏東縣,134304,縣立大同高中,41,90,0,0,2,10,21,198,437,69,145,22.678426,120.477654
13,屏東縣,134321,縣立枋寮高中,37,64,0,0,6,9,12,135,134,44,60,22.3706155,120.5903571
13,屏東縣,134324,縣立東港高中,61,83,0,0,6,7,21,353,278,119,109,22.4648761,120.4553517
13,屏東縣,134334,縣立來義高中,25,29,0,0,2,6,12,103,65,18,21,22.52572,120.6296972
15,花蓮縣,150302,國立花蓮女中,37,42,8,10,3,13,33,12,1023,3,310,23.9793987,121.6152496
15,花蓮縣,154399,縣立南平中學,2,4,0,0,1,6,2,0,9,0,0,23.7833851,121.4575662
17,基隆市,173306,市立安樂高中,30,56,3,5,2,12,13,195,172,66,55,25.1351392,121.7299807
