lng,lat,店名,地址,電話
121.2561852,24.9626292,基隆新豐店,基隆市中正區新豐街249號,02-2469-2091
121.7434957,25.1293773,基隆愛三店,基隆市仁愛區愛三路116號,02-2423-1500
121.744792,25.1309333,基隆信一旗艦專櫃,基隆市信義區信一路177號,02-2421-3531
121.7099698,25.1419394,基隆大武崙旗艦專櫃,基隆市安樂區基金一路206-1號,02-2431-5206
121.5491554,25.0827855,台北北安旗艦專櫃,台北市中山區北安路626號1樓,02-2533-6263
121.5256117,25.0518622,林森一店,台北市中山區南京東路1段86號,02-2537-4880
121.5432109,25.0516119,台北南京五店,台北市中山區南京東路三段210之1號,02-2751-5390
121.520677,25.0521315,南西誠品旗艦專櫃,台北市中山區南京西路14號,
121.5257872,25.0602121,林森三店,台北市中山區林森北路413號1樓,02-2567-7038
121.5304349,25.0627283,台北民權二店,台北市中山區民權東路2段43號1樓,02-2591-0105
121.5199813,25.0626395,民權三店,台北市中山區民權西路68號1樓,02-2511-5655
121.533823,25.05458,長春旗艦專櫃,台北市中山區長春路172號,02-2504-2797
121.5168021,25.0445664,台北公園店,台北市中正區公園路30-1號,02-2375-4891
121.5170789,25.0477484,台北車站微風店,台北市中正區北平西路3號1樓,02-2311-6665
121.5186575,25.0294233,台北南昌店,台北市中正區南昌路1段149號1樓,02-2351-8531
121.5090412,25.0416016,遠東寶慶店,台北市中正區寶慶路32號B1,02-2389-2817
121.5174415,25.0465183,台北站前誠品店,台北市中正區忠孝西路一段47號 B1,02-2383-1770
121.5234698,25.0444269,林森二旗艦專櫃,台北市中正區林森南路1號,02-2391-1196
121.53261,25.0400737,台北濟南店,台北市中正區濟南路2段66號1樓,02-2395-8275
121.5345802,25.0141862,台北公館店,台北市中正區羅斯福路四段76-1號,02-2366-1123
121.5147033,25.0459235,台北館前店,台北市中正區館前路8號,02-2311-1460
121.5643085,25.0338492,台北新101店,台北市信義區市府路45號B1,02-81017708
121.5716028,25.0411879,忠孝二旗艦專櫃,台北市信義區忠孝東路5段289號,02-2764-9488
121.5791984,25.0412666,忠孝四店,台北市信義區忠孝東路5段522號1樓,02-2759-5793
121.5659814,25.0353112,台北松壽店,台北市信義區松壽路12號1F,02-7745-2256
121.5783212,25.0492016,松山車站店,台北市信義區松山路11號一樓商場,02-2742-0575
121.5653555,25.0396669,信義誠品店,台北市信義區松高路11號B2,02-2723-0015
121.5666758,25.0380379,新光信義店,台北市信義區松高路12號B2,02-8789-6315
121.5682139,25.0268661,台北莊敬旗艦專櫃,台北市信義區莊敬路475號1樓,02-8780-0218
121.5785576,25.0789852,台北內湖店,台北市內湖區內湖路1段741號1樓,02-2658-1021
121.566227,25.0824426,台北西湖旗艦專櫃,台北市內湖區內湖路一段283號1樓,02-8751-3326
121.6118004,25.0693754,台北康寧旗艦專櫃,台北市內湖區康寧路3段168號1樓,02-2631-1795
121.569569,25.0793862,台北瑞光店,台北市內湖區瑞光路517號1樓,02-8751-5597
121.5780389,25.0609683,內湖大潤發店,台北市內湖區舊宗路1段128號,02-8792-5720
121.5792534,25.0607044,台北舊宗旗艦專櫃,台北市內湖區舊宗路一段135號,02-2796-0708
121.5943057,25.084504,內湖金龍旗艦專櫃,台北市內湖區金龍路22號,
121.4678115,25.1280896,台北中央店,台北市北投區中央北路四段534號1樓,02-2895-2638
121.50433,25.136228,台北北投店,台北市北投區光明路218-3號,02-2891-3389
121.4984114,25.1311788,台北大業旗艦專櫃,台北市北投區北投路2段15號,02-2897-0316
121.5058176,25.1160578,台北承德二旗艦專櫃,台北市北投區承德路7段262號1樓,02-2821-0533
121.5173817,25.1178786,台北石牌店,台北市北投區石牌路2段126號,02-2820-1362
121.6058331,25.0544382,台北南港店,台北市南港區南港路2段16號1樓,02-2789-0595
121.5936976,25.0501488,忠孝八店,台北市南港區忠孝東路6段438號1樓,02-2654-6761
121.6164182,25.0523101,台北研究院店,台北市南港區研究院路1段99號,02-2653-6369
121.5281684,25.0960742,士林旗艦專櫃,台北市士林區中山北路5段602號,02-2831-3010
121.5330568,25.1094458,台北德行店,台北市士林區德行東路227號1樓,02-2836-2779
121.5315215,25.1118264,高島屋店,台北市士林區忠誠路2段55號B1,02-2831-5961
121.5233186,25.0837988,台北承德三店,台北市士林區承德路四段128號1~2樓,02-2885-5961
121.5466632,25.1377696,陽明山店,台北市士林區格致路62號,02-2861-7252
121.546563,25.0939865,台北東吳店,台北市士林區臨溪路70號1樓(東吳大學內綜合大樓),02-2880-3105
121.5119065,25.0824989,重北一店,台北市士林區重慶北路4段123號,02-2816-2230
121.5167736,25.0507496,台北承德店,台北市大同區承德路1段34號1樓,02-2556-3502
121.5203822,25.0577589,民生三店,台北市大同區民生西路55號,02-2557-4627
121.5545619,25.0333263,台北信義店,台北市大安區信義路4段273號1樓,02-2703-8921
121.5574103,25.0395492,台北光復店,台北市大安區光復南路286號,02-2741-5210
121.5579406,25.0183296,台北麟光店,台北市大安區和平東路3段406巷8號1樓,02-2377-1063
121.5436329,25.0256789,復興二店,台北市大安區復興南路二段273號,02-2754-7577
121.5469653,25.0418694,忠孝五店,台北市大安區忠孝東路4段73號之一1樓,02-2772-6530
121.5449392,25.0417855,忠孝SOGO店,台北市大安區忠孝東路四段45號B2,
121.5333445,25.01821,台北新生旗艦專櫃,台北市大安區新生南路3段88之2號,02-2362-0668
121.5224211,25.0274742,羅斯福店,台北市大安區羅斯福路2段45號,02-2393-0023
121.5400932,25.0177593,台北台大店,台北市大安區羅斯福路四段1號1樓之台灣大學第一學生活動中心賣場,02-2362-1290
121.5748415,24.9879502,台北指南店,台北市文山區指南路2段67號1樓,02-8661-7768
121.5810011,24.9983261,台北動物園三店,台北市文山區新光路二段30號,02-8661-7111
121.5809945,24.9985514,台北動物園三店,台北市文山區新光路二段30號台北市立動物園前區1F,02-8661-7111
121.5422633,24.9921961,景美店,台北市文山區景中街30巷12號,02-2933-3341
121.56059,24.981815,台北木新店,台北市文山區木新路3段174號1樓,02-2937-0095
121.5502165,24.9876051,台北考試院店,台北市文山區木柵路1段137號,02-2236-2598
121.5665109,24.9886697,台北木柵店,台北市文山區木柵路3段57號1樓,02-2939-4168
121.5558422,25.0001732,台北興隆店,台北市文山區興隆路3段54號,02-2933-6260
121.5791866,25.0493066,松山車站旗艦專櫃,台北市松山區信義區松山路11號一樓商場,02-2742-0575
121.563078,25.0512256,台北南京二店,台北市松山區南京東路5段162號1樓,02-2768-9449
121.5460617,25.0618403,民權一店,台北市松山區民權東路3段128號1樓,02-2717-7152
121.5484515,25.0580934,台北民生旗艦專櫃店,台北市松山區民生東路3段135號,02-2713-0715
121.5660545,25.0589349,台北民生二店,台北市松山區民生東路5段234號1樓,02-2747-1086
121.5052767,25.0449146,昆明旗艦專櫃,台北市萬華區昆明街92之4號,02-2314-6526
121.5058635,25.0378901,台北桂林家樂福店,台北市萬華區桂林路1號,02-2311-9176
121.50067,25.0269354,台北萬大二旗艦專櫃,台北市萬華區萬大路215號,02-2301-1161
121.4950011,25.028213,台北西園二店,台北市萬華區西園路2段240號,02-2332-5640
121.375381,24.9422222,三峽學成旗艦專櫃,新北市三峽區學成路258號,02-2672-8230
121.3722506,24.9362507,三峽文化店,新北市三峽區文化路72號1樓,02-2673-1770
121.4817625,25.0792448,三重三和旗艦專櫃,新北市三重區三和路四段392-1號,02-2280-6398
121.4760132,25.0713682,三重愛買店,新北市三重區中正北路193巷45號1F,02-2971-1516
121.4920044,25.0834577,三重五華店,新北市三重區五華街89-1號1樓,02-2986-6855
121.4977746,25.0631171,三重正義店,新北市三重區正義北路15號,02-2986-7525
121.4964002,25.0665433,三重正義二店,新北市三重區正義北路176號1樓,02-2984-0098
121.4868984,25.0576563,三重重陽旗艦專櫃,新北市三重區重陽路一段5號,
121.4959789,25.0724879,三重龍門店,新北市三重區龍門路42號,02-2976-3181
121.4998309,25.0014973,中和店,新北市中和區中和路38號,02-2246-0725
121.4801992,25.0057341,中和中山店,新北市中和區中山路2段583號1樓,02-3234-5535
121.5129668,24.9885615,中和景新店,"新北市中和區景新街430,432號1~2樓",02-2946-0280
121.5099564,24.9889131,中和興南店,新北市中和區興南路1段83號1樓,02-8668-6975
121.4813461,24.9953625,中和連城店,新北市中和區連城路376之1號1~3樓,02-2225-1805
121.4385439,25.0847493,五股成泰店,新北市五股區成泰路2段121號1樓,02-8295-3733
121.4421113,24.97646,土城中央店,新北市土城區中央路2段159號1樓,02-2263-9674
121.4527135,24.9851694,土城裕民店,新北市土城區裕民路180號,02-2263-5311
121.4659979,24.9866121,土城金城店,新北市土城區金城路3段54號,02-2274-6826
121.5359756,24.9751575,新店中正三,新北市新店區中正路331號,02-2910-3935
121.5338923,24.9829202,新店中正二,新北市新店區中正路506號1樓,02-2218-3051
121.5460238,24.9766915,新店家樂福,新北市新店區中興路三段1之4號,02-2910-8930
121.5431999,24.973864,新店北新旗艦專櫃,新北市新店區北新路2段102號,02-2917-0186
121.5416864,24.98058,新店北新二,新北市新店區北新路3段51號,02-2910-2062
121.5124824,24.9625487,新店安康,新北市新店區安德街1號1樓,02-2212-7618
121.4448703,25.0529998,新莊中平旗艦專櫃,"新北市新莊區中平路346,348號",02-2279-1722
121.4184822,25.0070572,新莊中正店,新北市新莊區中正路232號,02-2276-8295
121.4320238,25.0317057,新莊中正二旗艦專櫃,新北市新莊區中正路617-619號,02-2902-2181
121.4180032,25.0264324,新莊富國店,新北市新莊區中正路877-5號,02-2902-0073
121.4527147,25.0451323,新莊二店,新北市新莊區中港路306號,02-2992-0498
121.4129159,25.0243405,新莊中山店,新北市新莊區新北大道七段792號,02-2905-0070
121.4247951,25.0230568,新莊三店,新北市新莊區民安路188巷5號,02-2207-0065
121.4644519,25.0109757,板橋遠百店,新北市板橋區中山路1段152號12樓,02-8952-4029
121.4775041,25.0177013,板橋中山旗艦專櫃,新北市板橋區中山路2段257號1樓,02-2964-2221
121.4577509,25.009259,板橋府中店,新北市板橋區府中路69號,02-2271-0296
121.4703764,25.0277747,板橋文化店,新北市板橋區文化路2段173號,02-2250-5065
121.4667853,25.0136085,板橋遠百二店,新北市板橋區新站路28號9樓,02-2964-6930
121.4264105,24.984548,板橋篤行店,新北市板橋區篤行路三段99號B1~2樓,02-2687-8197
121.4565118,25.0018117,板橋愛買二店,新北市板橋區貴興路101號1樓,
121.4610683,25.0078859,板橋重慶店,新北市板橋區重慶路23號,02-2961-2624
121.4605817,25.0241095,板橋雨農店,新北市板橋區雨農路60號1樓,02-2250-4605
121.3860294,25.0795732,林口中山店,新北市林口區中山路250之1號,02-2601-1477
121.3701774,25.069192,林口文化旗艦專櫃,新北市林口區文化一路一段33號,02-2608-2906
121.4232898,24.9909382,樹林中山店,新北市樹林區中山路1段101號,02-2675-6311
121.5107615,25.0024304,永和永安店,新北市永和區中和路503號,02-2922-8242
121.5085474,25.0085272,永和中山店,新北市永和區中山路1段214號,02-8660-2800
121.5164699,24.9981746,永和中正店,新北市永和區中正路244號,02-2945-7965
121.5256572,24.9992603,永和得和店,新北市永和區得和路405號1樓,02-8660-7029
121.5155018,25.0131811,永和旗艦專櫃,新北市永和區永和路2段170號,02-2929-0101
121.5209249,25.0081806,永和竹林店,新北市永和區竹林路235號1樓,02-8926-2798
121.632174,25.0652979,汐止中興店,新北市汐止區中興路168號之10,02-2694-6602
121.6632443,25.0684912,汐止南昌店,新北市汐止區南昌街45號,02-8692-4321
121.6540311,25.0654936,汐止大同店,新北市汐止區大同路2段242號1樓,02-2649-7341
121.6543753,25.0623263,汐止新台五旗艦專櫃,新北市汐止區新台五路1段162號,02-8642-5343
121.424864,25.0397822,泰山明志店,新北市泰山區明志路三段153號,02-903-0875
121.4335583,25.0611943,泰山泰林店,新北市泰山區泰林路2段194號1樓,02-2296-7309
121.4424221,25.1765393,淡水中山店,新北市淡水區中山北路1段105號1樓,02-2620-9411
121.446248,25.1683253,淡水中正店,新北市淡水區中正東路37號,02-2623-0207
121.4480506,25.183256,淡水新市旗艦專櫃,新北市淡水區新市一路三段151號,02-2620-0051
121.8020674,25.1066794,瑞芳中山店,新北市瑞芳區中山路168號,02-2406-1095
121.4608548,25.0813605,蘆洲長安店,新北市蘆洲區長安街127號1樓,02-8282-5129
121.4599315,25.0872461,蘆洲長榮旗艦專櫃,"新北市蘆洲區長榮路376,378號",
121.6403514,25.2189404,金山中山店,新北市金山區中山路88號,02-2498-0028
121.352289,24.9510919,鶯歌文化店,新北市鶯歌區文化路363號1樓,02-2677-2705
121.3329044,24.9644304,鶯歌鶯桃店,新北市鶯歌區鶯桃路411號,02-2677-1270
120.9711732,24.8034523,新竹中正店,新竹市北區東區中正路34號,03-522-0258
121.011108,24.7865728,新竹光復旗艦專櫃,新竹市北區東區光復路1段526號,03-577-6333
120.9907094,24.7996493,新竹光復二店,新竹市北區東區光復路2段241、243號,03-575-1062
120.9930985,24.7931973,新竹清大店,新竹市北區東區光復路二段101號(清華大學小吃部),03-572-7800
120.992869,24.8044523,新竹愛買店,新竹市北區東區公道五路二段469號B1,03-575-2290
120.9697603,24.7975687,新竹南大店,新竹市北區東區南大路337號1樓,03-561-0742
120.9767896,24.8145683,新竹經國旗艦專櫃,新竹市北區東區國路1段522號1樓,03-535-6469
120.999394,24.7845781,新竹交大店,新竹市北區東區大學路1001號之國立交通大學女二舍,03-573-4333
121.0186757,24.784797,新竹關新旗艦專櫃,新竹市北區東區關新路26號,03-666-2713
120.972557,24.7950926,新竹食品旗艦專櫃,新竹市北區東區食品路228號,03-5626201
120.9708565,24.8184038,新竹大潤發店,新竹市北區湳雅街91號1樓,03-532-9648
120.9623376,24.8059508,新竹西大店,新竹市北區西大路513號1樓,03-523-4840
120.9540639,24.7999181,新竹經國二旗艦專櫃,新竹市北區香山區經國路三段11號,03-539-9826
120.9711732,24.8034523,新竹中正店,新竹市東區中正路34號,03-522-0258
121.0110437,24.7866227,新竹光復店,新竹市東區光復路1段526號,03-577-6333
120.9907043,24.7996388,新竹光復二店,新竹市東區光復路2段241、243號,03-575-1062
120.9930985,24.7931973,新竹清大店,新竹市東區光復路二段101號(清華大學小吃部),03-572-7800
120.9932541,24.8047468,新竹愛買店,新竹市東區公道五路二段469號B1,03-575-2290
120.9697664,24.7975607,新竹南大店,新竹市東區南大路337號1樓,03-561-0742
120.9767896,24.8145683,新竹經國店,新竹市東區國路1段522號1樓,03-535-6469
120.999394,24.7845781,新竹交大店,新竹市東區大學路1001號之國立交通大學女二舍,03-573-4333
121.0187047,24.7847865,新竹關新店,新竹市東區關新路26號,03-666-2713
120.9725522,24.7951325,新竹食品店,新竹市東區食品路228號,03-5626201
120.9540639,24.7999181,新竹經國二店,新竹市香山區經國路三段11號,03-539-9826
120.9951244,24.8691449,新豐新興店,新竹縣新豐鄉新興路189之3號1F,03-557-6112
121.0055443,24.8364925,竹北中華旗艦專櫃,新竹縣竹北市三民路559號1樓,03-555-3611
121.0092619,24.8265915,竹北光明店,新竹縣竹北市光明六路89號1樓,03-553-5849
121.0311943,24.808686,竹北文興店,新竹縣竹北市文興路一段350號,03-6685501
121.0279643,24.8190844,竹北自強南旗艦專櫃,新竹縣竹北市自強南路19號,03-657-8195
121.0830195,24.7439067,竹東長春旗艦專櫃,新竹縣竹東鎮長春路3段191號,03-596-2780
121.1924434,24.8011034,關西服務區店,新竹縣關西鎮上三屯14號(國道三號高速公路關西服務區商場一樓),
121.2407764,24.9573827,中壢中原店,桃園市中壢區中北路200號(中原大學),03-4562037
121.2345845,24.9547179,中壢大潤發店,桃園市中壢區中北路二段468號,03-437-6886
121.2448722,24.9473974,中壢家樂福店,桃園市中壢區中山東路二段510號1F,03-436-0051
121.2240002,24.9541052,中壢中正店,桃園市中壢區中正路51號1樓,03-280-5816
121.2355765,24.9642103,中壢中華旗艦專櫃,桃園市中壢區中華路2段358號1樓,03-462-5866
121.2530983,24.9730391,內壢家樂福店,桃園市中壢區中華路一段450號1樓,03-434-0519
121.2237493,24.9625846,中壢崇光店,桃園市中壢區元化路357號B1,03-427-0445
121.2252252,24.9568503,中壢中央店,桃園市中壢區復興路57號,03-422-9242
121.2366139,24.94931,中壢環中東旗艦專櫃,桃園市中壢區環中東路2段176號,03-436-2837
121.2561852,24.9626292,中壢環中東二旗艦專櫃,"桃園市中壢區環中東路301,303號",03-455-9117
121.2561852,24.9626292,中壢環中東二店,"桃園市中壢區環中東路301,303號",03-455-9117
121.2145117,25.0128384,桃園高鐵店,桃園市中壢區高鐵北路一段6號1樓,03-261-8108
121.2765771,24.9815533,桃園八德旗艦專櫃,桃園市八德區中華路277號,03-369-8784
121.297489,24.9489709,桃園大湳旗艦專櫃,桃園市八德區介壽路2段332號1樓,03-376-3237
121.3270783,24.9712571,八德桃鶯店,桃園市八德區桃鶯路37號,03-377-4766
121.2022487,25.0619869,大園中正店,桃園市大園區中正東路162號1樓,03-385-7521
121.2226648,25.0288181,桃園機場一店,桃園市大園區航站南路9號B2F,03-393-1598
121.2320856,25.0772642,桃園機場二店,桃園市大園區航站南路9號第二航廈管制區C區4樓,
121.2762928,24.8947178,大溪員林旗艦專櫃,桃園市大溪區員林路1段268號,03-307-6781
121.289053,24.881735,大溪慈湖店,桃園市大溪區慈湖路99號1樓,03-388-7797
121.2109391,24.9006352,平鎮中豐店,桃園市平鎮區中豐路山頂段156之1號1樓,03-469-4354
121.2040306,24.9569893,中壢民族旗艦專櫃,桃園市平鎮區民族路2段175號,03-492-5410
121.3062163,24.9924099,桃園三民店,桃園市桃園區三民路3段313號1樓,03-336-6411
121.2861718,24.9848335,桃園愛買店,桃園市桃園區中山路939號,03-378-0366
121.3132231,24.9900198,桃園新遠百店,桃園市桃園區中正路20號B1F,03-331-3058
121.3129895,24.9910697,桃園中正店,桃園市桃園區中正路50號,03-333-4423
121.3200278,25.0081315,桃園新光三越店,桃園市桃園區大有路189號,03-332-1430
121.3023958,25.0136113,桃園大興西旗艦專櫃,桃園市桃園區大興西路1段212號,03-346-8959
121.2960065,25.0096396,桃園大興西二旗艦專櫃店,桃園市桃園區大興西路二段177號,03-215-0640
121.3177571,24.9864445,桃園桃鶯旗艦專櫃,桃園市桃園區桃鶯路66號,03-362-6920
121.3050363,25.0157116,桃園經國家樂福店,桃園市桃園區經國路369號2樓,03-356-5177
121.3035165,25.0207015,桃園經國旗艦專櫃,桃園市桃園區經國路495號1樓,03-356-8530
121.1681953,24.9082194,楊梅埔心旗艦專櫃,桃園市楊梅區中山北路2段45號,03-482-0564
121.1545053,24.9083486,楊梅中山北店,桃園市楊梅區中山北路一段218號,03-4884895
121.2877155,25.052407,南崁台茂旗艦專櫃,桃園市蘆竹區南崁路1段112號1F,03-352-0986
121.2922112,25.0468026,南崁中正旗艦專櫃,桃園市蘆竹區南榮村中正路245號,03-352-7305
121.2635337,25.0214928,蘆竹大竹旗艦專櫃,桃園市蘆竹區大竹路432號,03-323-9975
121.2119491,24.8809004,龍潭中豐店,桃園市龍潭區中豐路412號,03-480-9031
121.2180541,24.8684141,桃園龍潭旗艦專櫃,桃園市龍潭區北龍路301號,03-480-1401
121.3666486,25.0583581,林口復興店,桃園市龜山區復興一路148號,03-327-3883
121.3665133,25.0608069,林口長庚店,桃園市龜山區復興街9號B1,03-328-1940
121.3452174,24.9983367,桃園龜山旗艦專櫃,桃園市龜山區自強東路291號1樓,03-320-4895
121.4025118,25.0169848,新莊龍華店,桃園市龜山區萬壽路一段317號,02-8200-0781
121.1545053,24.9083486,楊梅中山北旗艦專櫃,桃園市楊梅區中山北路一段218號,03-4884895
120.7585976,24.3900605,苗栗三義店,苗栗縣三義鄉西湖村下湖5-15號1樓,037-873-430
120.8780827,24.685433,竹南民權店,苗栗縣竹南鎮民權街49號,037-478-791
120.6463281,24.4327597,苑裡介壽店,苗栗縣苑裡鎮房裡里南房63之10號1樓,037-854-198
120.8194257,24.5576087,苗栗中山店,苗栗縣苗栗市中山路600號1樓,037-359-099
120.8160816,24.5523192,苗栗光復店,苗栗縣苗栗市光復路11號,03-732-9096
120.8176455,24.5737588,苗栗家樂福中心店,苗栗縣苗栗市國華路599號1樓,037-378-778
120.9144204,24.6929127,苗栗頭份店,苗栗縣頭份市中華路1335號1樓,037-685-299
120.9034301,24.6867492,頭份大潤發店,苗栗縣頭份市自強路230號1樓,037-681-709
120.9144204,24.6929127,苗栗頭份旗艦專櫃,苗栗縣頭份市頭份市中華路1335號1樓,037-685-299
120.9034301,24.6867492,頭份大潤發店,苗栗縣頭份市頭份市自強路230號1樓,037-681-709
120.6842007,24.1385128,台中中正店,台中市中區台灣大道一段36號,04-2223-4481
120.6847172,24.1522757,台中中友店,台中市北區三民路3段161號A棟B3,04-2225-9169
120.6723394,24.1708553,台中新大雅旗艦專櫃,台中市北區中清路一段786號,04-2293-9110
120.6853774,24.1478004,台中尊賢店,台中市北區太平路22號,04-2223-8845
120.6815813,24.1551937,台中學士店,台中市北區學士路83號,04-2201-6826
120.6909798,24.1769464,台中崇德旗艦專櫃,台中市北區崇德路1段298號,04-2237-5575
120.6719347,24.1633337,台中大潤發店,台中市北區忠明路499號,04-2207-1636
120.6664254,24.1566931,台中館前店,台中市北區館前路1號2樓,04-2322-7795
120.663084,24.1877376,台中中清旗艦專櫃,台中市北屯區中清路二段896號,04-2425-5690
120.7010321,24.1792842,台中北屯旗艦專櫃,台中市北屯區北屯路432之1號,04-2249-1960
120.6860296,24.187394,台中崇德二旗艦專櫃,台中市北屯區崇德路3段191號1樓,04-2422-6045
120.6810672,24.1728616,台中文心五旗艦專櫃,台中市北屯區文心路4段341號,04-2246-6945
120.7189424,24.1751484,台中軍功旗艦專櫃,台中市北屯區軍功路1段611號,04-2436-3747
120.6581516,24.1171892,台中復興二店,台中市南區復興路2段6-1號1樓,04-2261-0232
120.6784201,24.1324014,台中復興店,台中市南區復興路3段318號,04-2225-3255
120.6685188,24.1286062,台中復興三旗艦專櫃,台中市南區復興路3段41號,04-2261-2036
120.6489295,24.1402481,台中五權西旗艦專櫃,台中市南屯區五權西路2段250號1樓,04-2473-0388
120.6325062,24.145049,台中五權西二旗艦專櫃,台中市南屯區五權西路2段961號,04-2389-0432
120.646174,24.1352248,台中文心南旗艦專櫃,台中市南屯區文心南路61號,04-2473-1093
120.6461625,24.154068,文心家樂福中心店,台中市南屯區文心路1段521號B1,04-2251-8939
120.6354561,24.150767,台中黎明二店,台中市南屯區黎明路二段386號,04-2251-0298
120.6467381,24.2221076,大雅中清南店,台中市台中市大雅區中清路3段1095號,04-2560-3891
120.6639408,24.15514,中港四店,台中市台中市西區台灣大道二段412號B1,04-2323-4079
120.6153935,24.1835679,台中中港六店,台中市台中市西屯區台灣大道四段1058號,04-2460-8339
120.7116034,24.3303631,泰安服務區店,台中市后里區安眉路113號泰安服務區南站泰安商場2樓,
120.6173858,24.3503885,大甲經國旗艦專櫃,台中市大甲區經國路502號1樓,04-2680-0681
120.6940323,24.0895486,大里中興旗艦專櫃,台中市大里區中興路1段175號1樓,04-2493-3162
120.6813379,24.1035038,大里國光旗艦專櫃,台中市大里區國光路2段177號1樓,04-2406-2052
120.6797043,24.1155233,大里大買家店,台中市大里區國光路2段710號2樓,04-2481-9606
120.6467381,24.2221076,大雅中清南旗艦專櫃,台中市大雅區中清路3段1095號,04-2560-3891
120.7191862,24.148812,太平中山店,台中市太平區中山路三段45號,04-2275-0391
120.7170363,24.1280168,太平中興店,台中市太平區中興路43號1樓,04-2270-6250
120.824428,24.257963,東勢中正旗艦專櫃,台中市東勢區中正路350號1樓,04-2577-2512
120.6877477,24.1357726,台中新時代1F B1店,台中市東區復興路4段186號1樓B1,04-2226-0839
120.709713,24.1496016,台中精武東旗艦專櫃,台中市東區精武東路109號,04-2215-2208
120.5652956,24.2425191,沙鹿光華店,台中市沙鹿區光華路338號B1,04-2663-1055
120.5587329,24.2350184,沙鹿沙田店,台中市沙鹿區沙田路107號1樓,04-2662-9502
120.5696675,24.2741576,清水中華旗艦專櫃,台中市清水區中華路459號,04-2626-3190
120.7051527,24.2121527,潭子中山店,台中市潭子區中山路2段343號1樓,04-2531-8737
120.6388086,24.1082625,台中烏日店,台中市烏日區中山路1段346號1樓,04-2336-5126
120.6241581,24.1040552,烏日新興旗艦專櫃店,台中市烏日區新興路253號,
120.6156492,24.1121801,台中高鐵店,台中市烏日區站區二路8號2樓,04-3600-3332
120.6860347,24.2465336,神岡中山店,台中市神岡區中山路501號,04-2561-3113
120.6639408,24.15514,中港四店,台中市西區台灣大道二段412號B1,04-2323-4079
120.6435275,24.1709346,台中河南店,台中市西屯區上石里河南路2段466號1樓,04-2701-3280
120.6446118,24.1642486,台中大遠百店,台中市西屯區台灣大道三段251號12樓,04-2251-7661
120.6437082,24.1652571,台中新三越店,台中市西屯區台灣大道三段301號12樓,04-2258-1365
120.6153935,24.1835679,台中中港六旗艦專櫃,台中市西屯區台灣大道四段1058號,04-2460-8339
120.623477,24.1794099,中港二旗艦專櫃,台中市西屯區台灣大道四段620號,04-2463-4530
120.6465315,24.1577573,台中文心二旗艦專櫃,台中市西屯區文心路2段57號1樓,04-2258-0809
120.6548842,24.1689266,台中文心六旗艦專櫃,台中市西屯區文心路三段119號,04-2315-0560
120.6208945,24.1841652,台中永福店,台中市西屯區永福路116號1樓,04-2463-0222
120.6381276,24.1640826,台中老虎城店,台中市西屯區河南路3段120號3F,04-2259-8123
120.6452539,24.1790234,台中逢甲店,台中市西屯區福星路427號1樓,04-2451-3592
120.7198063,24.2518177,豐原和平店,台中市豐原區中正路138號,04-2522-5129
120.7084131,24.2500572,豐原中正二旗艦專櫃,台中市豐原區中正路569號,04-2512-3485
120.7206809,24.2509886,豐原太平洋店,台中市豐原區復興路2號B2,04-2525-4528
120.7345013,24.2567943,豐原愛買店,台中市豐原區水源路420號1樓,04-2513-2229
120.7475379,24.2549127,豐原愛買店,台中市豐原區水源路號1樓,04-2513-2229
120.7215586,24.2395093,豐原田心店,台中市豐原區田心路2段201號,04-2524-9833
120.696349,24.0553623,霧峰林森旗艦專櫃,台中市霧峰區林森路38號1樓,04-2330-3499
120.5842002,24.1819251,台中新興店,台中市龍井區遊園南路185號1樓,04-2631-5127
120.3796465,23.8996621,二林斗苑店,彰化縣二林鎮斗苑路4段376號,04-895-6191
120.5188714,23.8750522,北斗中山店,彰化縣北斗鎮中山路二段102號,04-878-0155
120.5049164,24.1058612,彰化和美店,彰化縣和美鎮彰美路5段2號1樓,04-756-9020
120.5818699,23.9607137,員林三民店,彰化縣員林市三民東街329號,04-834-5526
120.570495,23.9604952,員林中山店,彰化縣員林市中山路2段43號,04-833-7315
120.5655383,23.9494644,員林中山二店,彰化縣員林市中山路一段330號,
120.5818699,23.9607137,員林三民店,彰化縣員林市員林市三民東街329號,04-834-5526
120.570495,23.9604952,員林中山店,彰化縣員林市員林市中山路2段43號,04-833-7315
120.536733,24.0634557,彰化中山二旗艦專櫃,彰化縣彰化市中山路一段478號,04-711-9925
120.5395019,24.0817933,彰化中正店,彰化縣彰化市中正路1段566號1樓,04-723-6166
120.5382924,24.0728907,彰化曉陽旗艦專櫃,彰化縣彰化市曉陽路156號1-2樓,04-728-9247
120.5478884,24.0961778,彰化金馬旗艦專櫃,彰化縣彰化市金馬路2段55號1樓,04-735-9944
120.5423964,24.0945919,彰化家樂福店,彰化縣彰化市金馬路二段321號B1F,047-355-192
120.4853285,23.9568636,彰化溪湖旗艦專櫃,彰化縣溪湖鎮員鹿路二段430號,048-857-100
120.5831638,23.8594503,田中中正店,彰化縣田中鎮中正路376號,04-875-7282
120.5188714,23.8750522,北斗中山旗艦專櫃,彰化縣田尾鄉北斗鎮中山路二段102號,04-878-0155
120.5424448,24.0227683,花壇中山旗艦專櫃,彰化縣花壇鄉花壇村中山路1段345號,04-787-0470
120.4385311,24.059498,鹿港中正旗艦專櫃,彰化縣鹿港鎮中正路415號1樓,04-777-2471
120.6775631,23.9133865,南投南崗旗艦專櫃,南投縣南投市南崗二路313號1樓,049-222-1238
120.7052018,23.8357942,名間彰南店,南投縣名間鄉濁水村彰南路1-7號,049-273-8208
120.9567212,23.9708519,埔里信義旗艦專櫃,南投縣埔里鎮信義路1037號1樓,049-2918-438
120.6784488,23.7565899,竹山大明店,南投縣竹山鎮大明路630號,049-266-1922
120.6844204,23.979081,草屯中正店,南投縣草屯鎮中正路654號1樓,049-230-1977
120.2996978,23.5701345,北港華勝店,雲林縣北港鎮華南路60號,05-783-5940
120.5418179,23.7114765,斗六民生店,雲林縣斗六市民生路156-1號1樓,05-536-2041
120.5314723,23.7029583,斗六雲林旗艦專櫃,雲林縣斗六市雲林路2段241號,05-534-0250
120.4763346,23.672263,斗南延平店,雲林縣斗南鎮延平路2段455號,05-595-2608
120.434665,23.7096419,虎尾新興店,雲林縣虎尾鎮新興路88號1樓,05-631-4141
120.4586942,23.4562368,嘉義吳鳳南店,嘉義市東區吳鳳南路310、312號,05-239-6525
120.4515729,23.4954315,嘉義忠孝店,嘉義市東區忠孝路491號1樓,05-275-9451
120.448079,23.479917,嘉義中山旗艦專櫃,嘉義市西區中山路318號,05-225-1676
120.4418229,23.4779593,嘉義中山二店,嘉義市西區中山路619-12號,05-225-5448
120.4295723,23.4801934,嘉義北港旗艦專櫃,嘉義市西區北港路253號,05-234-1953
120.4311895,23.471311,嘉義家樂福店,嘉義市西區博愛路2段461號B1,05-236-6148
120.4480803,23.4739242,嘉義垂楊店,嘉義市西區垂楊路468號,05-225-5355
120.4586942,23.4562368,嘉義吳鳳南店,嘉義市西區東區吳鳳南路310、312號,05-239-6525
120.4515735,23.495425,嘉義忠孝店,嘉義市西區東區忠孝路491號1樓,05-275-9451
120.2960907,23.4595345,嘉義太保旗艦專櫃,嘉義縣太保市嘉朴東路一段18號,05-362-1562
120.2413544,23.4623454,朴子文化店,嘉義縣朴子市文化南路45號,05-379-0390
120.434254,23.554972,嘉義民雄旗艦專櫃,嘉義縣民雄鄉東榮村建國路一段18號,05-226-1726
120.2105246,22.9814311,台南健康店,台南市中西區健康路1段48號1樓,06-214-6072
120.2095867,22.9947618,台南民族店,台南市中西區西華南街65號,06-224-0686
120.1988646,22.9929109,台南西門店,台南市中西區西門路2段96號,06-220-0828
120.1982502,22.9868032,台南三越二店,台南市中西區西門路一段658號6樓,06-303-0050
120.2527603,22.9735066,台南仁德店,台南市仁德區中正路三段58號,06-270-0665
120.2243862,22.9225053,仁德二仁店,台南市仁德區二仁路1段120號,06-266-3621
120.178121,23.1604752,台南佳里店,台南市佳里區延平路259號,06-721-4411
120.2067442,23.0072461,台南西門二店,台南市北區西門路4段66號,06-281-6885
120.1910589,22.9742759,台南金華店,台南市南區金華路1段532號1樓,06-263-5618
120.2925241,23.1284063,善化光復店,台南市善化區光復路55號,06-581-2033
120.2034877,23.0418593,台南北安店,台南市安南區北安路三段132號,06-246-9146
120.1918713,23.0239502,台南海佃店,台南市安南區海佃路1段152號,06-250-1613
120.1861544,22.9957857,台南中華二店,台南市安平區中華西路2段491號1樓,06-298-1075
120.2916974,23.0677267,台南新市店,台南市新市區中山路213號,06-599-0108
120.3116573,23.3192624,新營家樂福店,台南市新營區健康路251號,06-657-1158
120.2953442,23.3058204,台南新營店,台南市新營區復興路689號1樓,06-656-8755
120.2242794,22.9756336,台南文化店,台南市東區中華東路3段260號,06-335-5238
120.2141051,22.9963498,台南遠百二店,台南市東區前鋒路210號B2,06-208-5523
120.2213697,22.9958587,台南大學店,台南市東區大學路26號,06-237-3472
120.2277828,22.982516,台南東門店,台南市東區東門路2段353號1樓,06-209-1322
120.2424441,22.9897924,台南裕農店,台南市東區裕農路855號,06-2003856
120.2912385,22.96694,台南歸仁店,台南市歸仁區中山路2段131號,06-330-8226
120.2547041,23.0247674,永康中山店,台南市永康區中山南路998號1樓,06-203-8513
120.2395371,23.0412876,永康中正北店,台南市永康區中正北路56之1號,06-243-3621
120.2355291,23.0037104,台南中華店,台南市永康區中華路162號1樓,06-312-8100
120.2588873,23.0003256,永康大灣店,台南市永康區大灣路796號1樓,06-273-5192
120.2456512,23.1837788,台南麻豆店,台南市麻豆區中山路84號1樓,06-571-7133
120.3207281,22.6399887,高雄九如二店,高雄市三民區九如一路780號,07-387-5023
120.3081656,22.6449552,高雄十全店,高雄市三民區十全一路197號,07-311-5863
120.3189517,22.6530014,鼎山家樂福-DKR店,高雄市三民區大順二路849號1樓,07-380-2891
120.318843,22.6679322,高雄天祥店,高雄市三民區天祥一路150號,07-342-0067
120.301727,22.637663,高雄建國三店,高雄市三民區建國三路15-1號,07-285-6856
120.3027253,22.6393578,高雄站前店,高雄市三民區建國二路318號2樓,07-235-7408
120.3137522,22.6601449,高雄明誠店,高雄市三民區明誠二路50號,07-359-3336
120.3461303,22.6425624,高雄新澄清店,高雄市三民區本揚里24鄰澄清路550號,07-777-8077
120.3196712,22.648595,高雄建工店,高雄市三民區灣中里25鄰建工路732號,07-395-2101
120.3412332,22.6390314,高雄陽明店,高雄市三民區陽明路67號1樓,07-387-1408
120.352142,22.6869155,仁武鳳仁店,高雄市仁武區鳳仁路95之25號,07-3753358
120.2960169,22.6194508,高雄漢神店,高雄市前金區成功一路266之1號B3,07-215-6313
120.2862043,22.6336478,高雄家樂福店,高雄市前金區河東路356號1樓,07-201-0833
120.3163896,22.6088861,高雄一心店,高雄市前鎮區一心一路374號1樓,07-336-1831
120.3067353,22.6144066,高雄三越店,高雄市前鎮區三多三路213號B2,07-537-7636
120.3069499,22.5953346,高雄夢時代店,高雄市前鎮區中華五路789號B1,07-823-3500
120.3296049,22.6054819,高雄瑞隆店,高雄市前鎮區瑞隆路432號1樓,07-716-5171
120.3841767,22.6184104,高雄鳳林店,高雄市大寮區鳳林四路238號1樓,07-781-7213
120.4063463,22.7301488,高雄義大店,高雄市大樹區學城路1段12號C棟3樓,07-656-9077
120.3502842,22.569308,高雄沿海店,高雄市小港區沿海一路57號,07-806-8961
120.2984374,22.7959302,岡山中山店,高雄市岡山區中山北路89號,07-624-0181
120.290785,22.7946392,岡山壽天店,高雄市岡山區壽天路122之1號,07-6215364
120.3023717,22.6697552,高雄漢神二店,高雄市左營區博愛二路777號B1,07-552-7739
120.2881506,22.6822692,高雄左營店,高雄市左營區左營大路81號,07-585-1033
120.3033426,22.6605239,高雄新博愛店,高雄市左營區新上里博愛二路226號,07-550-8540
120.3049027,22.6741442,高雄博愛二店,高雄市左營區新光里14鄰博愛三路225號,07-346-1756
120.3199889,22.6824149,高雄民族店,高雄市左營區民族路一段1026號,07-310-2236
120.3095544,22.6882688,左營三越店,高雄市左營區高鐵路115號3樓,07-341-6312
120.3021506,22.6237085,高雄五福店,高雄市新興區五福二路258號,07-216-5370
120.4854889,22.8843137,高雄旗山店,高雄市旗山區中華路636號1樓,07-662-4138
120.3936944,22.500459,高雄林園店,高雄市林園區沿海路2段300號,07-643-9611
120.326581,22.7271172,高雄楠梓店,高雄市楠梓區建楠路160號,07-354-1273
120.3107774,22.7188164,高雄後勁店,高雄市楠梓區後昌路109號1樓,07-363-9893
120.2930436,22.7099094,高雄右昌店,高雄市楠梓區軍校路796號1樓,07-364-5217
120.3140217,22.7494385,橋頭成功南店,高雄市橋頭區成功南路281號,07-6121117
120.3041816,22.6131179,高雄大遠百店,高雄市苓雅區三多四路21號B1,07-339-2163
120.3154252,22.6280753,高雄文化店,高雄市苓雅區尚義街1號,07-225-7723
120.3255281,22.6329395,高雄建國二店,高雄市苓雅區建國一路306號1樓,07-222-4512
120.2615197,22.8539201,高雄路竹店,高雄市路竹區竹南村中山路1199號,07-697-8613
120.3638982,22.6596457,高雄鳥松店,高雄市鳥松區中正路251號,07-732-1390
120.3556561,22.6494007,高雄長庚店,高雄市鳥松區大埤路123號B1,07-733-2366
120.357301,22.623301,高雄鳳山店,高雄市鳳山區中山路179號,07-746-6267
120.3622568,22.6255696,鳳山光遠店,高雄市鳳山區光遠路262之1號,07-743-1787
120.356514,22.6366804,鳳山建國店,高雄市鳳山區建國路3段2號,07-776-2930
120.3589572,22.5858616,鳳山鳳頂店,高雄市鳳山區鳳頂路50號,07-791-2361
120.2848319,22.6252187,高雄新大勇店,高雄市鹽埕區大勇路120號,07-521-6955
120.3030261,22.6643302,高雄博愛店,高雄市鼓山區博愛二路363號,07-555-5219
120.2879049,22.6541981,高雄美術東二店,高雄市鼓山區美術東二路157159號1~2樓,07-5227513
120.4898241,22.6742434,屏東太平洋店,屏東縣屏東市中正路72號,08-766-3649
120.4979963,22.6828726,屏東家樂福店,屏東縣屏東市仁愛路188號2樓,08-736-9531
120.4935387,22.6732274,屏東環球店,屏東縣屏東市仁愛路90號5樓,08-732-2448
120.4896006,22.6837718,屏東自由店,屏東縣屏東市北勢里3鄰自由路498之3號,08-734-9866
120.4879617,22.6642006,屏東復興店,屏東縣屏東市復興路220號,08-7515392
120.509635,22.6607083,屏東民生店,屏東縣屏東市民生路3之10號,08-721-2190
120.794445,21.9459699,屏東墾丁店,屏東縣恆春鎮墾丁路342號,08-886-1165
120.7404707,22.0078478,恆春恆公店,屏東縣恆春鎮恆公路950號,08-8893606
120.4536349,22.4654282,屏東東港店,屏東縣東港鎮中山路2-39號,08-832-5925
120.5383872,22.5487098,屏東潮州店,屏東縣潮州鎮新生路58號1樓,08-780-5438
121.7702308,24.7036885,宜蘭五結店,宜蘭縣五結鄉二結村中正路3段45號,03-965-0060
121.7580824,24.7566293,宜蘭新興店,宜蘭縣宜蘭市宜興路1段263號,03-935-6316
121.7516703,24.754282,宜蘭新月廣場店,宜蘭縣宜蘭市神農路2段135號,03-931-5755
121.7701707,24.8224462,宜蘭礁溪店,宜蘭縣礁溪鄉礁溪路4段158號,03-987-1338
121.7683083,24.6778905,羅東興東店,宜蘭縣羅東鎮興東路73號,03-955-1067
121.8269943,24.8593643,頭城青海店,宜蘭縣頭城鎮青雲路三段300號,03-9770028
121.5870192,23.9738486,花蓮吉安店,花蓮縣吉安鄉宜昌村中華路2段11之1號1樓,03-854-3159
121.6015688,23.9867823,花蓮中山二店,花蓮縣花蓮市中山路549之6號,03-8312-058
121.6100667,23.9792097,花蓮中正店,花蓮縣花蓮市中正路625號,03-836-2140
121.5997978,23.9783581,花蓮愛買店,花蓮縣花蓮市和平路581號B1F,03-835-2721
119.5674147,23.565673,馬公中正店,澎湖縣馬公市光明路30號1樓,06-926-0716
121.1448522,22.7552484,台東農會,台東縣台東市新生路191號,08-932-7333
121.1381982,22.7442482,台東中華旗艦專櫃,台東縣台東市中華路2段201號1樓,089-343-828